trial	x	y	L Validity	time
1	725.82	293.37	1	4
1	724.72	297.62	1	8
1	726.85	293.58	1	12
1	726.04	298.54	1	16
1	727.04	300.51	1	20
1	726.51	304.74	1	24
1	724.65	305.8	1	28
1	725.31	303.6	1	32
1	726.3	301.96	1	36
1	728.35	304.87	1	40
1	728.67	305.81	1	44
1	728.66	304.44	1	48
1	728.77	303.91	1	52
1	727.72	305.25	1	56
1	725.83	305.61	1	60
1	726.33	305.22	1	64
1	725.41	305.3	1	68
1	726.95	306.28	1	72
1	728.2	307.48	1	76
1	727.43	311.82	1	80
1	726.72	311.89	1	84
1	725.26	314.15	1	88
1	725	313.94	1	92
1	724.61	317.28	1	96
1	726.39	316.94	1	100
1	728.14	317.84	1	104
1	728.35	319.79	1	108
1	729.7	322.19	1	112
1	729.26	321.61	1	116
1	729.63	321.62	1	120
1	728.91	320.55	1	124
1	729.42	320.16	1	128
1	729.86	320.8	1	132
1	730.12	320.78	1	136
1	730.81	321.59	1	140
1	728.93	322.14	1	144
1	728.62	322.7	1	148
1	728.03	323.11	1	152
1	727.76	321.76	1	156
1	726.85	321.88	1	160
1	726.25	321.32	1	164
1	726.8	320.17	1	168
1	726.82	320.87	1	172
1	727.04	321.02	1	176
1	726.53	321.69	1	180
1	725.67	321.5	1	184
1	726.27	321.6	1	188
1	726.29	323.57	1	192
1	725.42	321.06	1	196
1	724.68	322.13	1	200
1	725.24	320.06	1	204
1	725.81	318.43	1	208
1	733.1	297.8	1	212
1	746.25	249.09	1	216
1	774.86	222.06	1	220
1	778.31	216.64	1	224
1	774.89	215.16	1	228
1	775.95	215.93	1	232
1	781.08	217.96	1	236
1	777.71	223.79	1	240
1	780.69	227.62	1	244
1	783.25	229.86	1	248
1	783.53	231.14	1	252
1	785.37	225.79	1	256
1	786.24	231.84	1	260
1	784.79	231.2	1	264
1	782.73	234.97	1	268
1	782.91	233.1	1	272
1	782.93	232.61	1	276
1	781.97	229.12	1	280
1	782.11	225.81	1	284
1	781.99	221.75	1	288
1	782.74	218.1	1	292
1	783.22	216.45	1	296
1	782.59	218.24	1	300
1	783.11	217.61	1	304
1	781.07	215.21	1	308
1	782.28	212.43	1	312
1	782.64	211.25	1	316
1	783.24	212.66	1	320
1	782.38	215.54	1	324
1	783.21	218.68	1	328
1	783.17	219.79	1	332
1	782.28	226	1	336
1	0	0	0	340
1	783.02	226.1	1	344
1	781.54	223.37	1	348
1	777.52	219.64	1	352
1	775.37	212.91	1	356
1	763.92	129.81	1	360
1	732.77	112.99	1	364
1	722.23	109.12	1	368
1	722.34	105.82	1	372
1	706.27	98.46	1	376
1	699.95	98.51	1	380
1	699.7	96.99	1	384
1	702.67	96.43	1	388
1	705.76	96.61	1	392
1	703.15	99.29	1	396
1	702.89	101.84	1	400
1	701.12	101.8	1	404
1	701.9	102.72	1	408
1	703.48	107.55	1	412
1	703.34	107.7	1	416
1	704.64	110.57	1	420
1	706.58	111.88	1	424
1	707.05	112.54	1	428
1	707.86	114.14	1	432
1	708.46	114.49	1	436
1	707.29	114.65	1	440
1	707.34	110.99	1	444
1	707.06	108.43	1	448
1	708.61	106.09	1	452
1	707.99	104.82	1	456
1	708.64	104.49	1	460
1	707.68	101.62	1	464
1	709.33	100.56	1	468
1	705.69	103.41	1	472
1	710.09	101.04	1	476
1	707.91	104.39	1	480
1	710.41	101.88	1	484
1	695.57	108.22	1	488
1	709.5	105.89	1	492
1	712.61	106.62	1	496
1	711.1	107.33	1	500
1	713.48	104.92	1	504
1	711.76	106.19	1	508
1	713.43	104.67	1	512
1	713.14	99.14	1	516
1	714.94	94.11	1	520
1	716.28	88.64	1	524
1	714.03	89.16	1	528
1	717.46	87.79	1	532
1	719.89	80.82	1	536
1	720.41	75.48	1	540
1	721.08	74.47	1	544
1	717.88	85.4	1	548
1	718.03	81.57	1	552
1	714.25	83.89	1	556
1	680.63	86.71	1	560
1	664.13	69.94	1	564
1	662.87	64.51	1	568
1	657.51	54.84	1	572
1	652.23	27.27	1	576
1	654.45	28.97	1	580
1	650.97	13.91	1	584
1	645.99	17.17	1	588
1	663.69	1.15	1	592
1	649.9	14.92	1	596
1	0	0	0	600
1	658.37	13.61	1	604
1	667.12	13.66	1	608
1	654.53	35.32	1	612
1	650.7	23.32	1	616
1	665.37	18.41	1	620
1	647.3	35.72	1	624
1	676.45	17.29	1	628
1	648.56	27.2	1	632
1	648.87	26.5	1	636
1	672.89	20.48	1	640
1	674.34	15.69	1	644
1	675.11	14.28	1	648
1	641.05	28.64	1	652
1	678.77	10.57	1	656
1	656	16.97	1	660
1	682.22	6.11	1	664
1	645.76	15.98	1	668
1	677.16	2.44	1	672
1	666.8	6.9	1	676
1	678.09	4.6	1	680
1	653.31	13.53	1	684
1	678.41	4.03	1	688
1	677.28	9.9	1	692
1	677.9	5.54	1	696
1	652.15	14.56	1	700
1	678.85	7.53	1	704
1	683.7	11.67	1	708
1	682.02	10.16	1	712
1	661.98	17.77	1	716
1	684.59	13.23	1	720
1	660.12	19.74	1	724
1	684.69	8.67	1	728
1	680.74	14.5	1	732
1	660.64	22.36	1	736
1	688.93	12.67	1	740
1	686.65	12.87	1	744
1	685.29	16.27	1	748
1	684.82	15.71	1	752
1	686.64	17.78	1	756
1	685.88	15.9	1	760
1	686.05	17.98	1	764
1	688.82	17.22	1	768
1	688.65	21.24	1	772
1	690.81	23.88	1	776
1	692.68	22.87	1	780
1	690.28	25.29	1	784
1	690.94	26.41	1	788
1	678.06	30.72	1	792
1	688.98	28.78	1	796
1	689.44	26.96	1	800
1	691.01	27.7	1	804
1	689.97	28.74	1	808
1	691.37	27.68	1	812
1	688.96	26.61	1	816
1	688.06	28.42	1	820
1	689.35	28.38	1	824
1	690.27	27.36	1	828
1	694.72	29.2	1	832
1	696.95	31.18	1	836
1	0	0	0	840
1	0	0	0	844
1	0	0	0	848
1	0	0	0	852
1	0	0	0	856
1	0	0	0	860
1	0	0	0	864
1	0	0	0	868
1	0	0	0	872
1	0	0	0	876
1	0	0	0	880
1	0	0	0	884
1	0	0	0	888
1	0	0	0	892
1	0	0	0	896
1	0	0	0	900
1	0	0	0	904
1	0	0	0	908
1	0	0	0	912
1	0	0	0	916
1	0	0	0	920
1	0	0	0	924
1	0	0	0	928
1	0	0	0	932
1	0	0	0	936
1	0	0	0	940
1	0	0	0	944
1	0	0	0	948
1	0	0	0	952
1	0	0	0	956
1	0	0	0	960
1	0	0	0	964
1	0	0	0	968
1	0	0	0	972
1	0	0	0	976
1	0	0	0	980
1	0	0	0	984
1	0	0	0	988
1	0	0	0	992
1	0	0	0	996
1	0	0	0	1000
1	0	0	0	1004
1	0	0	0	1008
1	0	0	0	1012
1	0	0	0	1016
1	0	0	0	1020
1	0	0	0	1024
1	0	0	0	1028
1	0	0	0	1032
1	0	0	0	1036
1	0	0	0	1040
1	0	0	0	1044
1	0	0	1	1048
1	0	0	0	1052
1	0	0	0	1056
1	0	0	0	1060
1	0	0	0	1064
1	632.25	-101.7	1	1068
1	667.44	-97.24	1	1072
1	684.4	-43.32	1	1076
1	693.35	-14.77	1	1080
1	697.81	-11.23	1	1084
1	706.34	2.98	1	1088
1	708.93	13.15	1	1092
1	713.12	16.42	1	1096
1	714.3	18.13	1	1100
1	715.46	18.1	1	1104
1	715.89	17.9	1	1108
1	716.96	18.61	1	1112
1	718.42	18.72	1	1116
1	720.1	23.17	1	1120
1	721.12	22.96	1	1124
1	723.2	22.17	1	1128
1	723.05	19.94	1	1132
1	723.84	15.32	1	1136
1	725.72	-1.16	1	1140
1	726.12	7.41	1	1144
1	727	11.13	1	1148
1	728.04	6.14	1	1152
1	729.58	9.41	1	1156
1	730.26	11.84	1	1160
1	731.76	13.62	1	1164
1	733.3	14.28	1	1168
1	733.34	23.59	1	1172
1	734.95	19.95	1	1176
1	735.62	18.69	1	1180
1	734.47	21.65	1	1184
1	736.57	21.2	1	1188
1	737.51	17.89	1	1192
1	736.46	23.73	1	1196
1	735.58	22.26	1	1200
1	734.64	20.41	1	1204
1	737.14	21.32	1	1208
1	734.92	19.75	1	1212
1	733.79	19.26	1	1216
1	737.29	15.94	1	1220
1	736.44	15.18	1	1224
1	719.97	15.17	1	1228
1	0	0	0	1232
1	735.78	14.89	1	1236
1	732.54	16.35	1	1240
1	730.88	11.92	1	1244
1	741.18	13.51	1	1248
1	0	0	0	1252
1	734.87	11.78	1	1256
1	735.56	13.08	1	1260
1	739.01	14.24	1	1264
1	739.4	12.76	1	1268
1	737.82	15.67	1	1272
1	739.2	17.02	1	1276
1	738.8	17.4	1	1280
1	738.02	18.5	1	1284
1	737.51	19.23	1	1288
1	735.97	21.03	1	1292
1	734.23	20.61	1	1296
1	735.28	20.66	1	1300
1	732.82	20.47	1	1304
1	732.18	20.41	1	1308
1	731.31	20.91	1	1312
1	731.56	19.95	1	1316
1	729.86	19.64	1	1320
1	727.21	17.85	1	1324
1	726.53	16.09	1	1328
1	726.85	14.65	1	1332
1	727.46	13.21	1	1336
1	728.06	15.03	1	1340
1	727.83	14.23	1	1344
1	728.32	11.29	1	1348
1	727.44	7.82	1	1352
1	728.06	6.04	1	1356
1	728.06	3.69	1	1360
1	730.21	7.4	1	1364
1	730.97	11.4	1	1368
1	737.51	22.44	1	1372
1	757.86	27.07	1	1376
1	799.05	38.27	1	1380
1	824.03	58.16	1	1384
1	843.16	77.13	1	1388
1	838.49	76.76	1	1392
1	834.04	95.23	1	1396
1	828.44	106.58	1	1400
1	825.5	98.25	1	1404
1	826.94	98.02	1	1408
1	830.22	109.19	1	1412
1	829.12	105.6	1	1416
1	831.88	97.36	1	1420
1	831.53	91.58	1	1424
1	828.74	92.69	1	1428
1	827.46	87.42	1	1432
1	825.46	80.26	1	1436
1	826.08	80.13	1	1440
1	826.5	73.92	1	1444
1	828.48	76.36	1	1448
1	829.74	73.96	1	1452
1	832.16	72.78	1	1456
1	833.82	74.09	1	1460
1	835.45	76.8	1	1464
1	837.25	82.7	1	1468
1	838.45	84.93	1	1472
1	839.57	88.02	1	1476
1	839.5	87	1	1480
1	839.48	88.4	1	1484
1	838.74	88.87	1	1488
1	839.17	89.39	1	1492
1	837.17	93.48	1	1496
1	836.88	93.88	1	1500
1	835.12	90.89	1	1504
1	834.84	89.29	1	1508
1	834.82	84.82	1	1512
1	834.46	82.1	1	1516
1	835.62	69.39	1	1520
1	839.31	59.15	1	1524
1	842.59	46.82	1	1528
1	842.05	52.52	1	1532
1	840.68	48.89	1	1536
1	845.35	39.05	1	1540
1	844.63	55.67	1	1544
1	846.19	50.54	1	1548
1	846.76	41.32	1	1552
1	845.02	53.08	1	1556
1	849.96	46.75	1	1560
1	846.12	46.4	1	1564
1	844.45	50.31	1	1568
1	844.27	48.71	1	1572
1	0	0	0	1576
1	842.53	58.2	1	1580
1	839.91	61.37	1	1584
1	838.5	64.63	1	1588
1	840.71	67.29	1	1592
1	839.01	64.8	1	1596
1	838.59	74.1	1	1600
1	835.15	71.22	1	1604
1	832.17	75.73	1	1608
1	814.99	77.3	1	1612
1	773.25	78.2	1	1616
1	752.12	78.89	1	1620
1	738.17	78.41	1	1624
1	733.94	78.64	1	1628
1	735.19	75.61	1	1632
1	727.11	75.88	1	1636
1	618.48	90.23	1	1640
1	728.64	72.8	1	1644
1	629.68	134.43	1	1648
1	720.82	71.48	1	1652
1	711.39	69.17	1	1656
1	709.16	68.69	1	1660
1	706.09	68.18	1	1664
1	807.1	83.37	1	1668
1	698.45	66.04	1	1672
1	605.72	78.75	1	1676
1	625.05	81.36	1	1680
1	620.94	137.18	1	1684
1	687.76	65.84	1	1688
1	678.57	62.39	1	1692
1	682.54	58.55	1	1696
1	0	0	0	1700
1	690.16	29.19	1	1704
1	701.94	33.09	1	1708
1	699.26	20.59	1	1712
1	703.3	25.12	1	1716
1	708.04	31.04	1	1720
1	713.92	35.26	1	1724
1	718.61	40.99	1	1728
1	722.74	35.97	1	1732
1	725.91	34.25	1	1736
1	726.05	35.92	1	1740
1	728.75	39.88	1	1744
1	731.38	42.27	1	1748
1	730.16	45.93	1	1752
1	733.93	46.7	1	1756
1	736.25	47.74	1	1760
1	726.43	54.08	1	1764
1	712.12	54.91	1	1768
1	734.54	50.12	1	1772
1	733.22	50.72	1	1776
1	733.26	50.88	1	1780
1	732.17	51.53	1	1784
1	730.94	49.17	1	1788
1	732.97	48.42	1	1792
1	732.64	47.84	1	1796
1	733.53	44.53	1	1800
1	643.03	31.76	1	1804
1	652.62	21.26	1	1808
1	655.43	20.12	1	1812
1	791.99	74.15	1	1816
1	742.4	67.31	1	1820
1	779.06	75.3	1	1824
1	704.88	35.18	1	1828
1	775.79	69.99	1	1832
1	767.78	67.92	1	1836
1	644.22	123.82	1	1840
1	638.72	123.71	1	1844
1	770.38	82.58	1	1848
1	682.07	3.91	1	1852
1	679	-1.53	1	1856
1	678.58	-7.47	1	1860
1	677.97	-16.49	1	1864
1	677.36	-20.93	1	1868
1	676.28	-28.01	1	1872
1	674.49	-23.92	1	1876
1	672.84	-29.71	1	1880
1	671.47	-36.66	1	1884
1	676.57	-45.04	1	1888
1	673.21	-44.03	1	1892
1	676.39	-45.92	1	1896
1	675.18	-47.26	1	1900
1	679.96	-57.07	1	1904
1	677.45	-51.76	1	1908
1	679.26	-55.14	1	1912
1	672.65	-46.53	1	1916
1	0	0	0	1920
1	671.94	-49.96	1	1924
1	674.98	-55.15	1	1928
1	669.04	-52.64	1	1932
1	670.45	-51.96	1	1936
1	666.21	-52.89	1	1940
1	671.95	-61.93	1	1944
1	666.69	-49.03	1	1948
1	669.22	-52.19	1	1952
1	668.3	-45.28	1	1956
1	693.5	-60.19	1	1960
1	734.52	-58.77	1	1964
1	671.53	-39.8	1	1968
1	0	0	0	1972
1	665.68	-33.3	1	1976
1	669.79	-19.04	1	1980
1	664.02	-20.31	1	1984
1	660.98	-15.74	1	1988
1	666.06	-27.82	1	1992
1	663.13	-24.17	1	1996
1	661.41	-22.19	1	2000
1	730.32	-57.68	1	2004
1	686.97	-48.31	1	2008
1	665.94	-39.26	1	2012
1	670.97	-35.78	1	2016
1	0	0	0	2020
1	664.92	-58.42	1	2024
1	0	0	1	2028
1	709.66	-71.53	1	2032
1	694.86	-63.68	1	2036
1	680.33	-51.73	1	2040
1	702.6	-45.4	1	2044
1	711.36	-47.4	1	2048
1	699.88	-30.03	1	2052
1	0	0	0	2056
1	0	0	0	2060
1	0	0	0	2064
1	0	0	0	2068
1	0	0	0	2072
1	0	0	0	2076
1	0	0	0	2080
1	0	0	0	2084
1	0	0	0	2088
1	0	0	0	2092
1	0	0	0	2096
1	0	0	0	2100
1	0	0	0	2104
1	0	0	0	2108
1	0	0	0	2112
1	0	0	0	2116
1	0	0	0	2120
1	0	0	0	2124
1	0	0	0	2128
1	0	0	0	2132
1	0	0	0	2136
1	0	0	0	2140
1	0	0	0	2144
1	0	0	0	2148
1	0	0	0	2152
1	0	0	0	2156
1	0	0	0	2160
1	0	0	0	2164
1	0	0	0	2168
1	0	0	0	2172
1	0	0	0	2176
1	0	0	0	2180
1	0	0	0	2184
1	0	0	0	2188
1	0	0	0	2192
1	0	0	0	2196
1	0	0	0	2200
1	0	0	0	2204
1	0	0	0	2208
1	0	0	0	2212
1	0	0	0	2216
1	0	0	0	2220
1	0	0	0	2224
1	0	0	0	2228
1	0	0	0	2232
1	0	0	0	2236
1	0	0	0	2240
1	0	0	0	2244
1	0	0	0	2248
1	0	0	0	2252
1	0	0	0	2256
1	0	0	0	2260
1	0	0	0	2264
1	0	0	0	2268
1	0	0	0	2272
1	0	0	0	2276
1	0	0	0	2280
1	0	0	0	2284
1	0	0	0	2288
1	0	0	0	2292
1	0	0	0	2296
1	0	0	0	2300
1	0	0	0	2304
1	0	0	0	2308
1	0	0	0	2312
1	0	0	0	2316
1	0	0	0	2320
1	0	0	0	2324
1	0	0	0	2328
1	0	0	0	2332
1	0	0	0	2336
1	0	0	0	2340
1	0	0	0	2344
1	0	0	0	2348
1	0	0	0	2352
1	0	0	0	2356
1	0	0	0	2360
1	0	0	0	2364
1	0	0	0	2368
1	0	0	0	2372
1	0	0	0	2376
1	0	0	0	2380
1	0	0	0	2384
1	0	0	0	2388
1	0	0	0	2392
1	0	0	0	2396
1	0	0	0	2400
1	0	0	0	2404
1	0	0	0	2408
1	0	0	0	2412
1	0	0	0	2416
1	0	0	0	2420
1	0	0	0	2424
1	0	0	0	2428
1	0	0	0	2432
1	0	0	0	2436
1	0	0	0	2440
1	0	0	0	2444
1	0	0	0	2448
1	0	0	0	2452
1	0	0	0	2456
1	0	0	0	2460
1	0	0	0	2464
1	0	0	0	2468
1	0	0	0	2472
1	0	0	0	2476
1	0	0	0	2480
1	0	0	0	2484
1	0	0	0	2488
1	0	0	0	2492
1	0	0	0	2496
1	0	0	0	2500
1	0	0	0	2504
1	0	0	0	2508
1	0	0	0	2512
1	0	0	0	2516
1	0	0	0	2520
1	0	0	0	2524
1	0	0	0	2528
1	0	0	0	2532
1	0	0	0	2536
1	0	0	0	2540
1	0	0	0	2544
1	0	0	0	2548
1	0	0	0	2552
1	0	0	0	2556
1	0	0	0	2560
1	0	0	0	2564
1	0	0	0	2568
1	0	0	0	2572
1	0	0	0	2576
1	0	0	0	2580
1	0	0	0	2584
1	0	0	0	2588
1	0	0	0	2592
1	0	0	0	2596
1	0	0	0	2600
1	0	0	0	2604
1	0	0	0	2608
1	0	0	0	2612
1	0	0	0	2616
1	0	0	0	2620
1	0	0	0	2624
1	0	0	0	2628
1	0	0	0	2632
1	0	0	0	2636
1	0	0	0	2640
1	0	0	0	2644
1	0	0	0	2648
1	0	0	0	2652
1	0	0	0	2656
1	0	0	0	2660
1	0	0	0	2664
1	0	0	0	2668
1	0	0	0	2672
1	0	0	0	2676
1	0	0	0	2680
1	0	0	0	2684
1	0	0	0	2688
1	0	0	0	2692
1	0	0	0	2696
1	0	0	0	2700
1	0	0	0	2704
1	0	0	0	2708
1	0	0	0	2712
1	0	0	0	2716
1	0	0	0	2720
1	0	0	0	2724
1	0	0	0	2728
1	0	0	0	2732
1	0	0	0	2736
1	0	0	0	2740
1	0	0	0	2744
1	0	0	0	2748
1	0	0	0	2752
1	0	0	0	2756
1	0	0	0	2760
1	0	0	0	2764
1	0	0	0	2768
1	0	0	0	2772
1	0	0	0	2776
1	0	0	0	2780
1	0	0	0	2784
1	0	0	0	2788
1	0	0	0	2792
1	0	0	0	2796
1	0	0	0	2800
1	0	0	0	2804
1	0	0	0	2808
1	0	0	0	2812
1	0	0	0	2816
1	0	0	0	2820
1	0	0	0	2824
1	0	0	0	2828
1	0	0	0	2832
1	0	0	0	2836
1	0	0	0	2840
1	0	0	0	2844
1	0	0	0	2848
1	0	0	0	2852
1	0	0	0	2856
1	0	0	0	2860
1	0	0	0	2864
1	0	0	0	2868
1	0	0	0	2872
1	0	0	0	2876
1	0	0	0	2880
1	0	0	0	2884
1	0	0	0	2888
1	0	0	0	2892
1	0	0	0	2896
1	0	0	0	2900
1	0	0	0	2904
1	0	0	0	2908
1	0	0	0	2912
1	0	0	0	2916
1	0	0	0	2920
1	0	0	0	2924
1	0	0	0	2928
1	0	0	0	2932
1	0	0	0	2936
1	0	0	0	2940
1	0	0	0	2944
1	0	0	0	2948
1	0	0	0	2952
1	0	0	0	2956
1	0	0	0	2960
1	0	0	0	2964
1	0	0	0	2968
1	0	0	0	2972
1	0	0	0	2976
1	0	0	0	2980
1	0	0	0	2984
1	0	0	0	2988
1	0	0	0	2992
1	0	0	0	2996
1	0	0	0	3000
1	0	0	0	3004
1	0	0	0	3008
1	0	0	0	3012
1	0	0	0	3016
1	0	0	0	3020
1	0	0	0	3024
1	0	0	0	3028
1	0	0	0	3032
1	0	0	0	3036
1	0	0	0	3040
1	0	0	0	3044
1	0	0	0	3048
1	0	0	0	3052
1	0	0	0	3056
1	0	0	0	3060
1	0	0	0	3064
1	0	0	0	3068
1	0	0	0	3072
1	0	0	0	3076
1	0	0	0	3080
1	0	0	0	3084
1	0	0	0	3088
1	0	0	0	3092
1	0	0	0	3096
1	0	0	0	3100
1	0	0	0	3104
1	690.5	109.92	1	3108
1	751.39	-30.37	1	3112
1	716.22	56.23	1	3116
1	0	0	0	3120
1	0	0	0	3124
1	717.07	9.74	1	3128
1	721.34	46.86	1	3132
1	690.07	102.22	1	3136
1	806.48	180.37	1	3140
1	0	0	0	3144
1	0	0	0	3148
1	0	0	0	3152
1	0	0	0	3156
1	0	0	0	3160
1	0	0	0	3164
1	0	0	0	3168
1	0	0	0	3172
1	0	0	0	3176
1	0	0	0	3180
1	0	0	0	3184
1	0	0	0	3188
1	0	0	0	3192
1	0	0	0	3196
1	0	0	0	3200
1	0	0	0	3204
1	0	0	0	3208
1	0	0	0	3212
1	0	0	0	3216
1	0	0	0	3220
1	0	0	0	3224
1	0	0	0	3228
1	0	0	0	3232
1	0	0	0	3236
1	0	0	0	3240
1	0	0	0	3244
1	0	0	0	3248
1	0	0	0	3252
1	0	0	0	3256
1	0	0	0	3260
1	0	0	0	3264
1	0	0	0	3268
1	0	0	0	3272
1	0	0	0	3276
1	0	0	0	3280
1	0	0	0	3284
1	0	0	0	3288
1	0	0	0	3292
1	0	0	0	3296
1	0	0	0	3300
1	0	0	0	3304
1	0	0	0	3308
1	0	0	0	3312
1	0	0	0	3316
1	0	0	0	3320
1	0	0	0	3324
1	0	0	0	3328
1	0	0	0	3332
1	0	0	0	3336
1	0	0	0	3340
1	0	0	0	3344
1	0	0	0	3348
1	0	0	0	3352
1	0	0	0	3356
1	0	0	0	3360
1	0	0	0	3364
1	0	0	0	3368
1	0	0	0	3372
1	0	0	0	3376
1	0	0	0	3380
1	0	0	0	3384
1	0	0	0	3388
1	0	0	0	3392
1	0	0	0	3396
1	0	0	0	3400
1	0	0	0	3404
1	0	0	0	3408
1	0	0	0	3412
1	0	0	0	3416
1	0	0	0	3420
1	0	0	0	3424
1	0	0	0	3428
1	0	0	0	3432
1	0	0	0	3436
1	0	0	0	3440
1	0	0	0	3444
1	0	0	0	3448
1	0	0	0	3452
1	0	0	0	3456
1	0	0	0	3460
1	0	0	0	3464
1	0	0	0	3468
1	0	0	0	3472
1	0	0	0	3476
1	0	0	0	3480
1	0	0	0	3484
1	0	0	0	3488
1	0	0	0	3492
1	0	0	0	3496
1	0	0	0	3500
1	0	0	0	3504
1	0	0	0	3508
1	0	0	0	3512
1	0	0	0	3516
1	0	0	0	3520
1	0	0	0	3524
1	0	0	0	3528
1	0	0	0	3532
1	0	0	0	3536
1	0	0	0	3540
1	0	0	0	3544
1	0	0	0	3548
1	0	0	0	3552
1	0	0	0	3556
1	0	0	0	3560
1	0	0	0	3564
1	0	0	0	3568
1	0	0	0	3572
1	0	0	0	3576
1	0	0	0	3580
1	0	0	0	3584
1	0	0	0	3588
1	0	0	0	3592
1	0	0	0	3596
1	0	0	0	3600
1	0	0	0	3604
1	0	0	0	3608
1	0	0	0	3612
1	0	0	0	3616
1	0	0	0	3620
1	0	0	0	3624
1	0	0	0	3628
1	0	0	0	3632
1	0	0	0	3636
1	0	0	0	3640
1	0	0	0	3644
1	0	0	0	3648
1	0	0	0	3652
1	0	0	0	3656
1	0	0	0	3660
1	0	0	0	3664
1	0	0	0	3668
1	0	0	0	3672
1	0	0	0	3676
1	0	0	0	3680
1	0	0	0	3684
1	0	0	0	3688
1	0	0	0	3692
1	0	0	0	3696
1	0	0	0	3700
1	0	0	0	3704
1	0	0	0	3708
1	0	0	0	3712
1	0	0	0	3716
1	0	0	0	3720
1	0	0	0	3724
1	0	0	0	3728
1	0	0	0	3732
1	0	0	0	3736
1	0	0	0	3740
1	0	0	0	3744
1	0	0	0	3748
1	0	0	0	3752
1	0	0	0	3756
1	0	0	0	3760
1	0	0	0	3764
1	0	0	0	3768
1	0	0	0	3772
1	0	0	0	3776
1	0	0	0	3780
1	0	0	0	3784
1	0	0	0	3788
1	0	0	0	3792
1	0	0	0	3796
1	0	0	0	3800
1	0	0	0	3804
1	0	0	0	3808
1	0	0	0	3812
1	0	0	0	3816
1	0	0	0	3820
1	0	0	0	3824
1	0	0	0	3828
1	0	0	0	3832
1	0	0	0	3836
1	0	0	0	3840
1	0	0	0	3844
1	0	0	0	3848
1	0	0	0	3852
1	0	0	0	3856
1	0	0	0	3860
1	0	0	0	3864
1	0	0	0	3868
1	0	0	0	3872
1	0	0	0	3876
1	0	0	0	3880
1	0	0	0	3884
1	0	0	0	3888
1	0	0	0	3892
1	0	0	0	3896
1	0	0	0	3900
1	0	0	0	3904
1	0	0	0	3908
1	0	0	0	3912
1	0	0	0	3916
1	0	0	0	3920
1	0	0	0	3924
1	0	0	0	3928
1	0	0	0	3932
1	0	0	0	3936
1	0	0	0	3940
1	0	0	0	3944
1	0	0	0	3948
1	0	0	0	3952
1	0	0	0	3956
1	0	0	0	3960
1	0	0	0	3964
1	0	0	0	3968
1	0	0	0	3972
1	0	0	0	3976
1	0	0	0	3980
1	0	0	0	3984
1	0	0	0	3988
1	0	0	0	3992
1	0	0	0	3996
1	0	0	0	4000
1	0	0	0	4004
1	0	0	0	4008
1	0	0	0	4012
1	0	0	0	4016
1	0	0	0	4020
1	0	0	0	4024
1	0	0	0	4028
1	0	0	0	4032
1	0	0	0	4036
1	0	0	0	4040
1	0	0	0	4044
1	0	0	0	4048
1	0	0	0	4052
1	0	0	0	4056
1	0	0	0	4060
1	0	0	0	4064
1	865.3	46.01	0	4068
1	1017.42	39.52	0	4072
1	1304.61	286.35	0	4076
1	0	0	0	4080
1	871.41	22.86	0	4084
1	946.72	4.92	0	4088
1	927.56	-16.95	0	4092
1	911	4.01	0	4096
1	832.27	127.42	1	4100
1	957.33	57	1	4104
1	965.79	24.59	1	4108
1	745.61	234.46	1	4112
1	0	0	0	4116
1	861.16	77.69	1	4120
1	753.74	147.57	1	4124
1	752.11	149.67	1	4128
1	902.73	83.85	1	4132
1	936.06	66.02	1	4136
1	933.1	67.9	1	4140
1	893.16	91.54	1	4144
1	748.45	154.39	1	4148
1	846.1	124.16	1	4152
1	746.48	153.22	1	4156
1	849.64	126.2	1	4160
1	850.03	116.08	1	4164
1	851.7	126.67	1	4168
1	859.29	118.48	1	4172
1	861.39	124.17	1	4176
1	790.99	86.1	1	4180
1	757.67	153.6	1	4184
1	866.18	119.75	1	4188
1	870.32	112.32	1	4192
1	870.83	97.89	1	4196
1	934.24	86.72	1	4200
1	937.15	83.39	1	4204
1	976.04	92.66	1	4208
1	861.04	112.48	1	4212
1	874.16	84.38	1	4216
1	873.42	79.02	1	4220
1	876.68	76.59	1	4224
1	883.44	68.62	1	4228
1	884.08	70.19	1	4232
1	872.83	91.66	1	4236
1	888.92	51.98	1	4240
1	908.91	-13.94	1	4244
1	878.82	81.49	1	4248
1	886.52	68.4	1	4252
1	877.83	103.12	1	4256
1	868.98	85.55	1	4260
1	0	0	0	4264
1	867.93	103.51	1	4268
1	0	0	0	4272
1	858.93	111.88	1	4276
1	0	0	0	4280
1	0	0	0	4284
1	866.62	87.86	1	4288
1	858.84	96.47	1	4292
1	955.47	95.45	1	4296
1	970.67	105.31	1	4300
1	874.83	155.41	1	4304
1	0	0	0	4308
1	853.73	104.25	1	4312
1	971.47	115.07	1	4316
1	980.7	144.48	1	4320
1	975.56	103.78	1	4324
1	941.23	119.03	1	4328
1	951.66	92.4	1	4332
1	964.12	97.25	1	4336
1	842.47	105.18	1	4340
1	951.21	104.31	1	4344
1	840.85	84.03	1	4348
1	946.88	109.41	1	4352
1	945.29	96.26	1	4356
1	835.45	106.93	1	4360
1	830.91	144.77	1	4364
1	834.72	38.43	1	4368
1	946.55	46.39	1	4372
1	947.22	92.27	1	4376
1	942.76	57.52	1	4380
1	936.8	103.5	1	4384
1	942.08	89.55	1	4388
1	849.05	110.76	1	4392
1	851.19	124.2	1	4396
1	939.17	95.54	1	4400
1	849.57	103.16	1	4404
1	878.43	16.23	1	4408
1	895.74	-11.7	1	4412
1	900.56	-6.73	1	4416
1	887.4	-20.65	1	4420
1	1000.41	14.32	1	4424
1	998.29	14.81	1	4428
1	970.53	-47.05	1	4432
1	953.53	-47.95	1	4436
1	958.83	-42.7	1	4440
1	957.61	-44.97	1	4444
1	962.12	-42.75	1	4448
1	954.89	-46.11	1	4452
1	870.8	195.99	1	4456
1	712.79	294.5	1	4460
1	1003.52	-23.26	1	4464
1	1033.63	87.84	1	4468
1	1021.24	-6.98	1	4472
1	993.98	-24.46	1	4476
1	993.71	4.36	1	4480
1	975.01	-34.89	1	4484
1	988.28	-11.59	1	4488
1	886.85	-15.85	1	4492
1	977.53	-40.55	1	4496
1	915.11	-7.47	1	4500
1	963.97	11.13	0	4504
1	950.94	17.53	1	4508
1	898.47	37.66	1	4512
1	840.28	39.16	1	4516
1	870	-5.15	1	4520
1	974.51	68.32	1	4524
1	964.96	12.6	1	4528
1	0	0	0	4532
1	861.93	84.75	1	4536
1	988.38	149.45	1	4540
1	756.31	28.58	1	4544
1	892.39	93.11	1	4548
1	786.21	34.55	1	4552
1	741.45	62.26	1	4556
1	0	0	0	4560
1	773.54	7.63	1	4564
1	861.64	51.54	0	4568
1	761.48	10.86	1	4572
1	743.32	11.63	1	4576
1	816.24	-28.51	1	4580
1	0	0	0	4584
1	753.38	40.91	1	4588
1	756.21	19.42	1	4592
1	737.11	40.13	1	4596
1	0	0	0	4600
1	824.04	33.28	1	4604
1	814.59	24.39	1	4608
1	704.21	43.85	0	4612
1	865.59	43.33	0	4616
1	868.02	42.68	0	4620
1	0	0	0	4624
1	464.66	335	0	4628
1	631.54	134.88	1	4632
1	0	0	0	4636
1	520.36	197.71	1	4640
1	758.9	-37.04	1	4644
1	0	0	0	4648
1	490.75	245.56	1	4652
1	806.14	124.12	1	4656
1	751.14	120.85	1	4660
1	861.93	98.99	0	4664
1	730.7	112.02	1	4668
1	726.06	246.83	0	4672
1	0	0	0	4676
1	0	0	0	4680
1	720.3	270.74	0	4684
1	689.8	248.03	0	4688
1	686.16	-62.93	0	4692
1	714.72	-61.76	0	4696
1	702.39	-72.92	0	4700
1	0	0	0	4704
1	682.72	-71.37	0	4708
1	0	0	0	4712
1	0	0	0	4716
1	676.67	235.63	0	4720
1	691.35	228.15	0	4724
1	0	0	0	4728
1	692.19	192.23	0	4732
1	0	0	0	4736
1	694.48	103.25	0	4740
1	680.38	142.58	0	4744
1	679.66	94.29	0	4748
1	0	0	0	4752
1	667.17	-78.65	0	4756
1	0	0	0	4760
1	655.46	-79.05	0	4764
1	0	0	0	4768
1	0	0	0	4772
1	654.43	-78.01	0	4776
1	0	0	0	4780
1	0	0	0	4784
1	0	0	0	4788
1	0	0	0	4792
1	0	0	0	4796
1	0	0	0	4800
1	0	0	0	4804
1	0	0	0	4808
1	604.49	50.93	0	4812
1	0	0	0	4816
1	646.6	34.37	0	4820
1	0	0	0	4824
1	0	0	0	4828
1	661.32	103.14	0	4832
1	0	0	0	4836
1	0	0	0	4840
1	0	0	0	4844
1	0	0	0	4848
1	0	0	0	4852
1	332.57	140.45	0	4856
1	431.39	232.38	0	4860
1	0	0	0	4864
1	421.58	231.13	0	4868
1	0	0	0	4872
1	450.38	225.79	0	4876
1	424.91	231.47	0	4880
1	478.24	250.89	0	4884
1	429.79	266.23	0	4888
1	444.36	252.67	0	4892
1	0	0	0	4896
1	0	0	0	4900
1	0	0	0	4904
1	0	0	0	4908
1	0	0	0	4912
1	0	0	0	4916
1	0	0	0	4920
1	1060.69	245.4	0	4924
1	0	0	0	4928
1	0	0	0	4932
1	0	0	0	4936
1	0	0	0	4940
1	0	0	0	4944
1	0	0	0	4948
1	0	0	0	4952
1	0	0	0	4956
1	0	0	0	4960
1	0	0	0	4964
1	0	0	0	4968
1	0	0	0	4972
1	0	0	0	4976
1	0	0	0	4980
1	0	0	0	4984
1	0	0	0	4988
1	0	0	0	4992
1	0	0	0	4996
1	0	0	0	5000
1	0	0	0	5004
1	0	0	0	5008
1	0	0	0	5012
1	0	0	0	5016
1	0	0	0	5020
1	0	0	0	5024
1	0	0	0	5028
1	0	0	0	5032
1	0	0	0	5036
1	0	0	0	5040
1	0	0	0	5044
1	0	0	0	5048
1	0	0	0	5052
1	0	0	0	5056
1	0	0	0	5060
1	0	0	0	5064
1	0	0	0	5068
1	0	0	0	5072
1	0	0	0	5076
1	0	0	0	5080
1	0	0	0	5084
1	1251.24	25.79	0	5088
1	1240.45	29.86	0	5092
1	0	0	0	5096
1	0	0	0	5100
1	0	0	0	5104
1	0	0	0	5108
1	1236.82	-23.94	0	5112
1	0	0	0	5116
1	0	0	0	5120
1	0	0	0	5124
1	0	0	0	5128
1	0	0	0	5132
1	0	0	0	5136
1	0	0	0	5140
1	0	0	0	5144
1	0	0	0	5148
1	0	0	0	5152
1	0	0	0	5156
1	0	0	0	5160
1	0	0	0	5164
1	0	0	0	5168
1	0	0	0	5172
1	0	0	0	5176
1	0	0	0	5180
1	0	0	0	5184
1	0	0	0	5188
1	0	0	0	5192
1	0	0	0	5196
1	0	0	0	5200
1	1051.99	122.94	0	5204
1	0	0	0	5208
1	0	0	0	5212
1	0	0	0	5216
1	0	0	0	5220
1	0	0	0	5224
1	0	0	0	5228
1	0	0	0	5232
1	0	0	0	5236
1	0	0	0	5240
1	0	0	0	5244
1	0	0	0	5248
1	0	0	0	5252
1	0	0	0	5256
1	0	0	0	5260
1	0	0	0	5264
1	0	0	0	5268
1	0	0	0	5272
1	0	0	0	5276
1	0	0	0	5280
1	0	0	0	5284
1	0	0	0	5288
1	0	0	0	5292
1	0	0	0	5296
1	0	0	0	5300
1	0	0	0	5304
1	0	0	0	5308
1	0	0	0	5312
1	0	0	0	5316
1	0	0	0	5320
1	0	0	0	5324
1	0	0	0	5328
1	0	0	0	5332
1	0	0	0	5336
1	0	0	0	5340
1	0	0	0	5344
1	0	0	0	5348
1	0	0	0	5352
1	0	0	0	5356
1	0	0	0	5360
1	0	0	0	5364
1	0	0	0	5368
1	0	0	0	5372
1	0	0	0	5376
1	0	0	0	5380
1	0	0	0	5384
1	0	0	0	5388
1	0	0	0	5392
1	0	0	0	5396
1	0	0	0	5400
1	0	0	0	5404
1	0	0	0	5408
1	0	0	0	5412
1	0	0	0	5416
1	0	0	0	5420
1	0	0	0	5424
1	0	0	0	5428
1	0	0	0	5432
1	0	0	0	5436
1	0	0	0	5440
1	0	0	0	5444
1	0	0	0	5448
1	0	0	0	5452
1	0	0	0	5456
1	0	0	0	5460
1	0	0	0	5464
1	0	0	0	5468
1	0	0	0	5472
1	0	0	0	5476
1	0	0	0	5480
1	0	0	0	5484
1	0	0	0	5488
1	0	0	0	5492
1	0	0	0	5496
1	0	0	0	5500
1	0	0	0	5504
1	0	0	0	5508
1	0	0	0	5512
1	0	0	0	5516
1	0	0	0	5520
1	0	0	0	5524
1	0	0	0	5528
1	0	0	0	5532
1	0	0	0	5536
1	0	0	0	5540
1	0	0	0	5544
1	0	0	0	5548
1	0	0	0	5552
1	663.01	517.68	0	5556
1	0	0	0	5560
1	0	0	0	5564
1	0	0	0	5568
1	0	0	0	5572
1	0	0	0	5576
1	0	0	0	5580
1	0	0	0	5584
1	333.61	584.08	0	5588
1	0	0	0	5592
1	314.45	579.04	0	5596
1	643.25	555.19	0	5600
1	715.32	563.64	0	5604
1	671.97	564.96	0	5608
1	678.65	574.06	0	5612
1	0	0	0	5616
1	0	0	0	5620
1	0	0	0	5624
1	0	0	0	5628
1	0	0	0	5632
1	0	0	0	5636
1	1211.83	241.76	0	5640
1	1246.87	247.13	0	5644
1	18.63	238.02	0	5648
1	1245.24	167.79	0	5652
1	1383.4	70.47	0	5656
1	14.08	165.36	0	5660
1	0	0	0	5664
1	390.58	71.63	0	5668
1	0	0	0	5672
1	0	0	0	5676
1	0	0	0	5680
1	0	0	0	5684
1	0	0	0	5688
1	0	0	0	5692
1	0	0	0	5696
1	0	0	0	5700
1	0	0	0	5704
1	0	0	0	5708
1	0	0	0	5712
1	0	0	0	5716
1	0	0	0	5720
1	0	0	0	5724
1	0	0	0	5728
1	0	0	0	5732
1	0	0	0	5736
1	0	0	0	5740
1	0	0	0	5744
1	0	0	0	5748
1	0	0	0	5752
1	0	0	0	5756
1	0	0	0	5760
1	0	0	0	5764
1	0	0	0	5768
1	0	0	0	5772
1	684.82	-7.79	1	5776
1	0	0	0	5780
1	0	0	0	5784
1	0	0	0	5788
1	702.8	32.67	1	5792
1	0	0	0	5796
1	20.92	163.82	0	5800
1	724.38	38.42	1	5804
1	368.41	109.5	1	5808
1	700.66	83.49	1	5812
1	0	0	0	5816
1	0	0	0	5820
1	698.05	67.15	1	5824
1	0	0	0	5828
1	0	0	0	5832
1	0	0	0	5836
1	0	0	0	5840
1	0	0	0	5844
1	0	0	0	5848
1	963.05	176.03	1	5852
1	670.04	211.62	1	5856
1	694.31	68.79	1	5860
1	0	0	0	5864
1	0	0	0	5868
1	0	0	0	5872
1	0	0	0	5876
1	0	0	0	5880
1	0	0	0	5884
1	881.38	84.27	0	5888
1	0	0	0	5892
1	0	0	0	5896
1	1540.09	344	0	5900
1	912.69	312.84	0	5904
1	0	0	0	5908
1	0	0	0	5912
1	0	0	0	5916
1	0	0	0	5920
1	0	0	0	5924
1	0	0	0	5928
1	1176.95	-35.44	0	5932
1	173.71	249.16	0	5936
1	1236.45	57.41	0	5940
1	0	0	0	5944
1	0	0	0	5948
1	0	0	0	5952
1	983.28	-52.9	0	5956
1	0	0	0	5960
1	1074.46	6.27	0	5964
1	1457.37	57.81	0	5968
1	0	0	0	5972
1	1135.05	-11.28	0	5976
1	1535.39	8.17	0	5980
1	0	0	0	5984
1	836.43	-47.04	0	5988
1	0	0	0	5992
1	842.39	-65.91	0	5996
1	1026.59	-47.58	0	6000
1	0	0	0	6004
1	1743.8	-35.49	0	6008
1	1040.36	34.57	0	6012
1	0	0	0	6016
1	0	0	0	6020
1	0	0	0	6024
1	0	0	0	6028
1	0	0	0	6032
1	0	0	0	6036
1	0	0	0	6040
1	0	0	0	6044
1	0	0	0	6048
1	0	0	0	6052
1	0	0	0	6056
1	0	0	0	6060
1	0	0	0	6064
1	0	0	0	6068
1	0	0	0	6072
1	0	0	0	6076
1	0	0	0	6080
1	0	0	0	6084
1	0	0	0	6088
1	0	0	0	6092
1	0	0	0	6096
1	0	0	0	6100
1	0	0	0	6104
1	0	0	0	6108
1	0	0	0	6112
1	0	0	0	6116
1	1267.55	-52.13	0	6120
1	1237.85	-48.96	0	6124
1	0	0	0	6128
1	0	0	0	6132
1	1477.82	40.92	0	6136
1	1501.67	49.3	0	6140
1	1504.06	24.68	0	6144
1	0	0	0	6148
1	1551.3	-59.01	0	6152
1	1543.77	-61.62	0	6156
1	0	0	0	6160
1	0	0	0	6164
1	0	0	0	6168
1	0	0	0	6172
1	0	0	0	6176
1	0	0	0	6180
1	0	0	0	6184
1	0	0	0	6188
1	0	0	0	6192
1	0	0	0	6196
1	0	0	0	6200
1	0	0	0	6204
1	0	0	0	6208
1	0	0	0	6212
1	0	0	0	6216
1	0	0	0	6220
1	0	0	0	6224
1	0	0	0	6228
1	0	0	0	6232
1	0	0	0	6236
1	0	0	0	6240
1	0	0	0	6244
1	0	0	0	6248
1	0	0	0	6252
1	0	0	0	6256
1	0	0	0	6260
1	0	0	0	6264
1	0	0	0	6268
1	0	0	0	6272
1	0	0	0	6276
1	0	0	0	6280
1	0	0	0	6284
1	0	0	0	6288
1	0	0	0	6292
1	0	0	0	6296
1	0	0	0	6300
1	0	0	0	6304
1	0	0	0	6308
1	0	0	0	6312
1	0	0	0	6316
1	0	0	0	6320
1	0	0	0	6324
1	0	0	0	6328
1	0	0	0	6332
1	0	0	0	6336
1	0	0	0	6340
1	0	0	0	6344
1	1545.54	-59.79	0	6348
1	0	0	0	6352
1	1577.57	-28.02	0	6356
1	0	0	0	6360
1	0	0	0	6364
1	1456.73	-52.87	0	6368
1	0	0	0	6372
1	1503.94	-39.17	0	6376
1	0	0	0	6380
1	0	0	0	6384
1	0	0	0	6388
1	1552.63	-42.49	0	6392
1	0	0	0	6396
1	0	0	0	6400
1	0	0	0	6404
1	0	0	0	6408
1	0	0	0	6412
1	0	0	0	6416
1	0	0	0	6420
1	0	0	0	6424
1	0	0	0	6428
1	0	0	0	6432
1	1314.87	-69.26	0	6436
1	0	0	0	6440
1	0	0	0	6444
1	1004.02	-81.39	0	6448
1	0	0	0	6452
1	0	0	0	6456
1	0	0	0	6460
1	0	0	0	6464
1	0	0	0	6468
1	0	0	0	6472
1	0	0	0	6476
1	0	0	0	6480
1	0	0	0	6484
1	1010.71	-73.82	0	6488
1	994.91	-78.75	0	6492
1	0	0	0	6496
1	361.53	-34.02	0	6500
1	0	0	0	6504
1	0	0	0	6508
1	0	0	0	6512
1	0	0	0	6516
1	0	0	0	6520
1	0	0	0	6524
1	0	0	0	6528
1	0	0	0	6532
1	0	0	0	6536
1	0	0	0	6540
1	0	0	0	6544
1	0	0	0	6548
1	0	0	0	6552
1	0	0	0	6556
1	0	0	0	6560
1	0	0	0	6564
1	991.69	-90.12	0	6568
1	0	0	0	6572
1	0	0	0	6576
1	0	0	0	6580
1	0	0	0	6584
1	891.41	-92.85	0	6588
1	0	0	0	6592
1	998.53	-39.2	0	6596
1	0	0	0	6600
1	911.87	-28.52	0	6604
1	0	0	0	6608
1	691.4	-65.84	0	6612
1	0	0	0	6616
1	0	0	0	6620
1	0	0	0	6624
1	1298	-28.91	0	6628
1	1327.66	35.16	0	6632
1	0	0	0	6636
1	0	0	0	6640
1	0	0	0	6644
1	0	0	0	6648
1	0	0	0	6652
1	0	0	0	6656
1	0	0	0	6660
1	0	0	0	6664
1	0	0	0	6668
1	0	0	0	6672
1	0	0	0	6676
1	0	0	0	6680
1	0	0	0	6684
1	0	0	0	6688
1	0	0	0	6692
1	0	0	0	6696
1	0	0	0	6700
1	0	0	0	6704
1	1360.09	56.31	0	6708
1	0	0	0	6712
1	0	0	0	6716
1	1486.11	14.04	0	6720
1	0	0	0	6724
1	0	0	0	6728
1	1489.63	-90.34	0	6732
1	0	0	0	6736
1	0	0	0	6740
1	0	0	0	6744
1	0	0	0	6748
1	0	0	0	6752
1	0	0	0	6756
1	0	0	0	6760
1	0	0	0	6764
1	0	0	0	6768
1	0	0	0	6772
1	0	0	0	6776
1	1500.62	-28.57	0	6780
1	0	0	0	6784
1	0	0	0	6788
1	725.62	411.52	0	6792
1	828.26	512.59	0	6796
1	0	0	0	6800
1	0	0	0	6804
1	0	0	0	6808
1	0	0	0	6812
1	0	0	0	6816
1	0	0	0	6820
1	0	0	0	6824
1	0	0	0	6828
1	311.4	-67.16	0	6832
1	143.53	219.04	0	6836
1	-105.5	338.84	0	6840
1	0	0	0	6844
1	215.22	84.24	0	6848
1	0	0	0	6852
1	0	0	0	6856
1	0	0	0	6860
1	229.56	44.7	0	6864
1	0	0	0	6868
1	48.46	478.19	0	6872
1	0	0	0	6876
1	0	0	0	6880
1	0	0	0	6884
1	241.93	-40.27	0	6888
1	393.45	56.46	0	6892
1	0	0	0	6896
1	402.76	81.48	0	6900
1	374.73	17.69	0	6904
1	0	0	0	6908
1	229.98	5.18	0	6912
1	0	0	0	6916
1	0	0	0	6920
1	0	0	0	6924
1	0	0	0	6928
1	0	0	0	6932
1	0	0	0	6936
1	0	0	0	6940
1	0	0	0	6944
1	0	0	0	6948
1	0	0	0	6952
1	0	0	0	6956
1	0	0	0	6960
1	0	0	0	6964
1	0	0	0	6968
1	0	0	0	6972
1	0	0	0	6976
1	0	0	0	6980
1	0	0	0	6984
1	0	0	0	6988
1	248.97	90.08	0	6992
1	0	0	0	6996
1	0	0	0	7000
1	0	0	0	7004
1	0	0	0	7008
1	0	0	0	7012
1	0	0	0	7016
1	0	0	0	7020
1	939.57	-59.08	0	7024
1	0	0	0	7028
1	281.38	77.73	0	7032
1	348.73	-5.94	0	7036
1	0	0	0	7040
1	0	0	0	7044
1	0	0	0	7048
1	0	0	0	7052
1	0	0	0	7056
1	0	0	0	7060
1	0	0	0	7064
1	0	0	0	7068
1	0	0	0	7072
1	0	0	0	7076
1	0	0	0	7080
1	0	0	0	7084
1	0	0	0	7088
1	0	0	0	7092
1	0	0	0	7096
1	0	0	0	7100
1	0	0	0	7104
1	0	0	0	7108
1	0	0	0	7112
1	0	0	0	7116
1	0	0	0	7120
1	0	0	0	7124
1	0	0	0	7128
1	0	0	0	7132
1	0	0	0	7136
1	0	0	0	7140
1	0	0	0	7144
1	0	0	0	7148
1	0	0	0	7152
1	0	0	0	7156
1	0	0	0	7160
1	0	0	0	7164
1	0	0	0	7168
1	0	0	0	7172
1	0	0	0	7176
1	0	0	0	7180
1	444.95	222.56	0	7184
1	0	0	0	7188
1	0	0	0	7192
1	0	0	0	7196
1	0	0	0	7200
1	0	0	0	7204
1	0	0	0	7208
1	0	0	0	7212
1	0	0	0	7216
1	0	0	0	7220
1	0	0	0	7224
1	468.04	186.99	0	7228
1	0	0	0	7232
1	0	0	0	7236
1	0	0	0	7240
1	0	0	0	7244
1	0	0	0	7248
1	0	0	0	7252
1	404	202.61	0	7256
1	0	0	0	7260
1	0	0	0	7264
1	0	0	0	7268
1	0	0	0	7272
1	0	0	0	7276
1	0	0	0	7280
1	455.41	153.74	0	7284
1	0	0	0	7288
1	0	0	0	7292
1	0	0	0	7296
1	0	0	0	7300
1	0	0	0	7304
1	0	0	0	7308
1	0	0	0	7312
1	1115.53	450.73	0	7316
1	0	0	0	7320
1	0	0	0	7324
1	556.92	103.75	0	7328
1	0	0	0	7332
1	0	0	0	7336
1	0	0	0	7340
1	0	0	0	7344
1	0	0	0	7348
1	0	0	0	7352
1	0	0	0	7356
1	0	0	0	7360
1	0	0	0	7364
1	0	0	0	7368
1	0	0	0	7372
1	0	0	0	7376
1	0	0	0	7380
1	0	0	0	7384
1	0	0	0	7388
1	0	0	0	7392
1	0	0	0	7396
1	0	0	0	7400
1	0	0	0	7404
1	0	0	0	7408
1	0	0	0	7412
1	0	0	0	7416
1	0	0	0	7420
1	0	0	0	7424
1	0	0	0	7428
1	534.55	429.92	0	7432
1	0	0	0	7436
1	0	0	0	7440
1	0	0	0	7444
1	0	0	0	7448
1	0	0	0	7452
1	0	0	0	7456
1	0	0	0	7460
1	0	0	0	7464
1	0	0	0	7468
1	534.61	427.28	0	7472
1	0	0	0	7476
1	0	0	0	7480
1	0	0	0	7484
1	0	0	0	7488
1	0	0	0	7492
1	0	0	0	7496
1	0	0	0	7500
1	0	0	0	7504
1	0	0	0	7508
1	0	0	0	7512
1	0	0	0	7516
1	0	0	0	7520
1	0	0	0	7524
1	0	0	0	7528
1	0	0	0	7532
1	0	0	0	7536
1	0	0	0	7540
1	0	0	0	7544
1	0	0	0	7548
1	0	0	0	7552
1	0	0	0	7556
1	0	0	0	7560
1	0	0	0	7564
1	0	0	0	7568
1	0	0	0	7572
1	0	0	0	7576
1	0	0	0	7580
1	0	0	0	7584
1	0	0	0	7588
1	0	0	0	7592
1	0	0	0	7596
1	0	0	0	7600
1	0	0	0	7604
1	0	0	0	7608
1	0	0	0	7612
1	0	0	0	7616
1	0	0	0	7620
1	0	0	0	7624
1	0	0	0	7628
1	0	0	0	7632
1	0	0	0	7636
1	0	0	0	7640
1	0	0	0	7644
1	0	0	0	7648
1	0	0	0	7652
1	0	0	0	7656
1	0	0	0	7660
1	0	0	0	7664
1	0	0	0	7668
1	0	0	0	7672
1	0	0	0	7676
1	810.19	29.02	0	7680
1	0	0	0	7684
1	0	0	0	7688
1	0	0	0	7692
1	0	0	0	7696
1	0	0	0	7700
1	0	0	0	7704
1	0	0	0	7708
1	0	0	0	7712
1	0	0	0	7716
1	0	0	0	7720
1	0	0	0	7724
1	0	0	0	7728
1	0	0	0	7732
1	0	0	0	7736
1	0	0	0	7740
1	0	0	0	7744
1	0	0	0	7748
1	0	0	0	7752
1	920.05	-29	0	7756
1	0	0	0	7760
1	0	0	0	7764
1	0	0	0	7768
1	0	0	0	7772
1	0	0	0	7776
1	0	0	0	7780
1	0	0	0	7784
1	0	0	0	7788
1	0	0	0	7792
1	987.25	-54.3	0	7796
1	944.25	-37.68	0	7800
1	0	0	0	7804
1	0	0	0	7808
1	0	0	0	7812
1	0	0	0	7816
1	0	0	0	7820
1	0	0	0	7824
1	0	0	0	7828
1	0	0	0	7832
1	0	0	0	7836
1	0	0	0	7840
1	0	0	0	7844
1	0	0	0	7848
1	0	0	0	7852
1	0	0	0	7856
1	251.84	471.99	0	7860
1	0	0	0	7864
1	0	0	0	7868
1	247.31	366.61	0	7872
1	0	0	0	7876
1	231.39	460.82	0	7880
1	0	0	0	7884
1	0	0	0	7888
1	0	0	0	7892
1	0	0	0	7896
1	166.68	78.94	0	7900
1	0	0	0	7904
1	0	0	0	7908
1	0	0	0	7912
1	0	0	0	7916
1	0	0	0	7920
1	0	0	0	7924
1	0	0	0	7928
1	0	0	0	7932
1	0	0	0	7936
1	0	0	0	7940
1	0	0	0	7944
1	0	0	0	7948
1	0	0	0	7952
1	0	0	0	7956
1	0	0	0	7960
1	0	0	0	7964
1	0	0	0	7968
1	0	0	0	7972
1	0	0	0	7976
1	0	0	0	7980
1	0	0	0	7984
1	0	0	0	7988
1	0	0	0	7992
1	0	0	0	7996
1	0	0	0	8000
1	0	0	0	8004
1	0	0	0	8008
1	0	0	0	8012
1	0	0	0	8016
1	0	0	0	8020
1	0	0	0	8024
1	0	0	0	8028
1	0	0	0	8032
1	0	0	0	8036
1	0	0	0	8040
1	0	0	0	8044
1	0	0	0	8048
1	0	0	0	8052
1	0	0	0	8056
1	0	0	0	8060
1	0	0	0	8064
1	0	0	0	8068
1	0	0	0	8072
1	0	0	0	8076
1	0	0	0	8080
1	0	0	0	8084
1	0	0	0	8088
1	0	0	0	8092
1	0	0	0	8096
1	0	0	0	8100
1	0	0	0	8104
1	0	0	0	8108
1	0	0	0	8112
1	0	0	0	8116
1	0	0	0	8120
1	0	0	0	8124
1	0	0	0	8128
1	0	0	0	8132
1	0	0	0	8136
1	0	0	0	8140
1	0	0	0	8144
1	0	0	0	8148
1	0	0	0	8152
1	0	0	0	8156
1	0	0	0	8160
1	0	0	0	8164
1	0	0	0	8168
1	0	0	0	8172
1	0	0	0	8176
1	0	0	0	8180
1	0	0	0	8184
1	0	0	0	8188
1	0	0	0	8192
1	0	0	0	8196
1	0	0	0	8200
1	0	0	0	8204
1	0	0	0	8208
1	0	0	0	8212
1	0	0	0	8216
1	0	0	0	8220
1	0	0	0	8224
1	0	0	0	8228
1	0	0	0	8232
1	0	0	0	8236
1	0	0	0	8240
1	0	0	0	8244
1	0	0	0	8248
1	0	0	0	8252
1	0	0	0	8256
1	0	0	0	8260
1	0	0	0	8264
1	0	0	0	8268
1	0	0	0	8272
1	0	0	0	8276
1	0	0	0	8280
1	0	0	0	8284
1	0	0	0	8288
1	0	0	0	8292
1	0	0	0	8296
1	0	0	0	8300
1	0	0	0	8304
1	0	0	0	8308
1	0	0	0	8312
1	0	0	0	8316
1	0	0	0	8320
1	0	0	0	8324
1	0	0	0	8328
1	0	0	0	8332
1	0	0	0	8336
1	0	0	0	8340
1	0	0	0	8344
1	0	0	0	8348
1	0	0	0	8352
1	0	0	0	8356
1	0	0	0	8360
1	0	0	0	8364
1	0	0	0	8368
1	0	0	0	8372
1	0	0	0	8376
1	0	0	0	8380
1	0	0	0	8384
1	0	0	0	8388
1	0	0	0	8392
1	0	0	0	8396
1	0	0	0	8400
1	0	0	0	8404
1	0	0	0	8408
1	0	0	0	8412
1	0	0	0	8416
1	0	0	0	8420
1	0	0	0	8424
1	0	0	0	8428
1	0	0	0	8432
1	0	0	0	8436
1	0	0	0	8440
1	0	0	0	8444
1	0	0	0	8448
1	0	0	0	8452
1	0	0	0	8456
1	0	0	0	8460
1	0	0	0	8464
1	0	0	0	8468
1	0	0	0	8472
1	0	0	0	8476
1	0	0	0	8480
1	0	0	0	8484
1	0	0	0	8488
1	0	0	0	8492
1	0	0	0	8496
1	0	0	0	8500
1	0	0	0	8504
1	0	0	0	8508
1	0	0	0	8512
1	0	0	0	8516
1	0	0	0	8520
1	0	0	0	8524
1	0	0	0	8528
1	0	0	0	8532
1	0	0	0	8536
1	0	0	0	8540
1	0	0	0	8544
1	0	0	0	8548
1	0	0	0	8552
1	0	0	0	8556
1	0	0	0	8560
1	0	0	0	8564
1	0	0	0	8568
1	0	0	0	8572
1	0	0	0	8576
1	0	0	0	8580
1	0	0	0	8584
1	0	0	0	8588
1	0	0	0	8592
1	0	0	0	8596
1	0	0	0	8600
1	0	0	0	8604
1	0	0	0	8608
1	0	0	0	8612
1	0	0	0	8616
1	0	0	0	8620
1	0	0	0	8624
1	0	0	0	8628
1	0	0	0	8632
1	0	0	0	8636
1	0	0	0	8640
1	0	0	0	8644
1	0	0	0	8648
1	0	0	0	8652
1	0	0	0	8656
1	0	0	0	8660
1	0	0	0	8664
1	0	0	0	8668
1	0	0	0	8672
1	0	0	0	8676
1	0	0	0	8680
1	0	0	0	8684
1	0	0	0	8688
1	0	0	0	8692
1	0	0	0	8696
1	0	0	0	8700
1	0	0	0	8704
1	0	0	0	8708
1	0	0	0	8712
1	0	0	0	8716
1	0	0	0	8720
1	0	0	0	8724
1	0	0	0	8728
1	0	0	0	8732
1	0	0	0	8736
1	0	0	0	8740
1	0	0	0	8744
1	0	0	0	8748
1	0	0	0	8752
1	0	0	0	8756
1	0	0	0	8760
1	0	0	0	8764
1	0	0	0	8768
1	0	0	0	8772
1	0	0	0	8776
1	0	0	0	8780
1	0	0	0	8784
1	0	0	0	8788
1	0	0	0	8792
1	0	0	0	8796
1	0	0	0	8800
1	0	0	0	8804
1	0	0	0	8808
1	0	0	0	8812
1	0	0	0	8816
1	0	0	0	8820
1	0	0	0	8824
1	0	0	0	8828
1	0	0	0	8832
1	0	0	0	8836
1	0	0	0	8840
1	0	0	0	8844
1	0	0	0	8848
1	0	0	0	8852
1	0	0	0	8856
1	0	0	0	8860
1	0	0	0	8864
1	0	0	0	8868
1	0	0	0	8872
1	0	0	0	8876
1	0	0	0	8880
1	0	0	0	8884
1	0	0	0	8888
1	0	0	0	8892
1	0	0	0	8896
1	0	0	0	8900
1	0	0	0	8904
1	0	0	0	8908
1	0	0	0	8912
1	0	0	0	8916
1	0	0	0	8920
1	0	0	0	8924
1	0	0	0	8928
1	0	0	0	8932
1	0	0	0	8936
1	0	0	0	8940
1	0	0	0	8944
1	0	0	0	8948
1	0	0	0	8952
1	0	0	0	8956
1	0	0	0	8960
1	0	0	0	8964
1	0	0	0	8968
1	0	0	0	8972
1	0	0	0	8976
1	0	0	0	8980
1	0	0	0	8984
1	0	0	0	8988
1	0	0	0	8992
1	0	0	0	8996
1	0	0	0	9000
1	0	0	0	9004
1	0	0	0	9008
1	0	0	0	9012
1	0	0	0	9016
1	0	0	0	9020
1	0	0	0	9024
1	0	0	0	9028
1	0	0	0	9032
1	0	0	0	9036
1	0	0	0	9040
1	0	0	0	9044
1	0	0	0	9048
1	0	0	0	9052
1	0	0	0	9056
1	0	0	0	9060
1	0	0	0	9064
1	0	0	0	9068
1	0	0	0	9072
1	0	0	0	9076
1	0	0	0	9080
1	0	0	0	9084
1	0	0	0	9088
1	0	0	0	9092
1	0	0	0	9096
1	0	0	0	9100
1	0	0	0	9104
1	0	0	0	9108
1	0	0	0	9112
1	0	0	0	9116
1	0	0	0	9120
1	0	0	0	9124
1	0	0	0	9128
1	0	0	0	9132
1	0	0	0	9136
1	0	0	0	9140
1	0	0	0	9144
1	0	0	0	9148
1	0	0	0	9152
1	0	0	0	9156
1	0	0	0	9160
1	0	0	0	9164
1	0	0	0	9168
1	0	0	0	9172
1	0	0	0	9176
1	0	0	0	9180
1	0	0	0	9184
1	0	0	0	9188
1	0	0	0	9192
1	0	0	0	9196
1	0	0	0	9200
1	0	0	0	9204
1	0	0	0	9208
1	0	0	0	9212
1	0	0	0	9216
1	0	0	0	9220
1	0	0	0	9224
1	0	0	0	9228
1	0	0	0	9232
1	0	0	0	9236
1	0	0	0	9240
1	0	0	0	9244
1	0	0	0	9248
1	0	0	0	9252
1	0	0	0	9256
1	0	0	0	9260
1	0	0	0	9264
1	0	0	0	9268
1	0	0	0	9272
1	0	0	0	9276
1	0	0	0	9280
1	0	0	0	9284
1	0	0	0	9288
1	0	0	0	9292
1	0	0	0	9296
1	0	0	0	9300
1	0	0	0	9304
1	0	0	0	9308
1	0	0	0	9312
1	0	0	0	9316
1	0	0	0	9320
1	0	0	0	9324
1	0	0	0	9328
1	0	0	0	9332
1	0	0	0	9336
1	0	0	0	9340
1	0	0	0	9344
1	0	0	0	9348
1	0	0	0	9352
1	0	0	0	9356
1	0	0	0	9360
1	0	0	0	9364
1	0	0	0	9368
1	0	0	0	9372
1	0	0	0	9376
1	0	0	0	9380
1	0	0	0	9384
1	0	0	0	9388
1	0	0	0	9392
1	0	0	0	9396
1	0	0	0	9400
1	0	0	0	9404
1	0	0	0	9408
1	0	0	0	9412
1	0	0	0	9416
1	0	0	0	9420
1	0	0	0	9424
1	0	0	0	9428
1	0	0	0	9432
1	0	0	0	9436
1	0	0	0	9440
1	0	0	0	9444
1	0	0	0	9448
1	0	0	0	9452
1	0	0	0	9456
1	0	0	0	9460
1	0	0	0	9464
1	0	0	0	9468
1	533.24	203.2	0	9472
1	0	0	0	9476
1	527.01	234.84	0	9480
1	0	0	0	9484
1	0	0	0	9488
1	0	0	0	9492
1	0	0	0	9496
1	426.79	208.05	0	9500
1	0	0	0	9504
1	0	0	0	9508
1	0	0	0	9512
1	593.97	196.41	0	9516
1	0	0	0	9520
1	0	0	0	9524
1	0	0	0	9528
1	0	0	0	9532
1	0	0	0	9536
1	0	0	0	9540
1	0	0	0	9544
1	0	0	0	9548
1	0	0	0	9552
1	0	0	0	9556
1	0	0	0	9560
1	0	0	0	9564
1	0	0	0	9568
1	0	0	0	9572
1	0	0	0	9576
1	0	0	0	9580
1	0	0	0	9584
1	0	0	0	9588
1	0	0	0	9592
1	0	0	0	9596
1	576.97	349.99	0	9600
1	0	0	0	9604
1	760.07	142.86	0	9608
1	0	0	0	9612
1	0	0	0	9616
1	0	0	0	9620
1	1065.73	-25.17	0	9624
1	0	0	0	9628
1	0	0	0	9632
1	0	0	0	9636
1	0	0	0	9640
1	0	0	0	9644
1	0	0	0	9648
1	0	0	0	9652
1	0	0	0	9656
1	0	0	0	9660
1	0	0	0	9664
1	0	0	0	9668
1	0	0	0	9672
1	0	0	0	9676
1	0	0	0	9680
1	0	0	0	9684
1	0	0	0	9688
1	0	0	0	9692
1	0	0	0	9696
1	0	0	0	9700
1	0	0	0	9704
1	0	0	0	9708
1	0	0	0	9712
1	0	0	0	9716
1	0	0	0	9720
1	0	0	0	9724
1	0	0	0	9728
1	0	0	0	9732
1	0	0	0	9736
1	0	0	0	9740
1	0	0	0	9744
1	0	0	0	9748
1	0	0	0	9752
1	0	0	0	9756
1	0	0	0	9760
1	0	0	0	9764
1	0	0	0	9768
1	0	0	0	9772
1	0	0	0	9776
1	0	0	0	9780
1	0	0	0	9784
1	0	0	0	9788
1	0	0	0	9792
1	0	0	0	9796
1	0	0	0	9800
1	0	0	0	9804
1	0	0	0	9808
1	0	0	0	9812
1	0	0	0	9816
1	0	0	0	9820
1	0	0	0	9824
1	0	0	0	9828
1	0	0	0	9832
1	0	0	0	9836
1	0	0	0	9840
1	0	0	0	9844
1	0	0	0	9848
1	0	0	0	9852
1	0	0	0	9856
1	0	0	0	9860
1	0	0	0	9864
1	0	0	0	9868
1	0	0	0	9872
1	0	0	0	9876
1	0	0	0	9880
1	0	0	0	9884
1	0	0	0	9888
1	0	0	0	9892
1	0	0	0	9896
1	0	0	0	9900
1	0	0	0	9904
1	0	0	0	9908
1	0	0	0	9912
1	0	0	0	9916
1	0	0	0	9920
1	0	0	0	9924
1	0	0	0	9928
1	0	0	0	9932
1	0	0	0	9936
1	0	0	0	9940
1	0	0	0	9944
1	0	0	0	9948
1	0	0	0	9952
1	0	0	0	9956
1	0	0	0	9960
1	0	0	0	9964
1	0	0	0	9968
1	0	0	0	9972
1	0	0	0	9976
1	0	0	0	9980
1	0	0	0	9984
1	0	0	0	9988
1	0	0	0	9992
1	0	0	0	9996
1	0	0	0	10000
1	0	0	0	10004
1	0	0	0	10008
1	0	0	0	10012
1	0	0	0	10016
1	0	0	0	10020
1	0	0	0	10024
1	0	0	0	10028
1	0	0	0	10032
1	0	0	0	10036
1	0	0	0	10040
1	0	0	0	10044
1	0	0	0	10048
1	0	0	0	10052
1	0	0	0	10056
1	0	0	0	10060
1	0	0	0	10064
1	0	0	0	10068
1	0	0	0	10072
1	0	0	0	10076
1	0	0	0	10080
1	0	0	0	10084
1	0	0	0	10088
1	0	0	0	10092
1	0	0	0	10096
1	0	0	0	10100
1	0	0	0	10104
1	0	0	0	10108
1	0	0	0	10112
1	0	0	0	10116
1	0	0	0	10120
1	0	0	0	10124
1	0	0	0	10128
1	0	0	0	10132
1	0	0	0	10136
1	0	0	0	10140
1	0	0	0	10144
1	0	0	0	10148
1	0	0	0	10152
1	0	0	0	10156
1	0	0	0	10160
1	0	0	0	10164
1	0	0	0	10168
1	0	0	0	10172
1	0	0	0	10176
1	0	0	0	10180
1	0	0	0	10184
1	0	0	0	10188
1	0	0	0	10192
1	0	0	0	10196
1	0	0	0	10200
1	0	0	0	10204
1	0	0	0	10208
1	0	0	0	10212
1	0	0	0	10216
1	0	0	0	10220
1	0	0	0	10224
1	0	0	0	10228
1	0	0	0	10232
1	0	0	0	10236
1	0	0	0	10240
1	0	0	0	10244
1	0	0	0	10248
1	0	0	0	10252
1	0	0	0	10256
1	0	0	0	10260
1	0	0	0	10264
1	0	0	0	10268
1	0	0	0	10272
1	0	0	0	10276
1	0	0	0	10280
1	0	0	0	10284
1	0	0	0	10288
1	0	0	0	10292
1	0	0	0	10296
1	0	0	0	10300
1	0	0	0	10304
1	0	0	0	10308
1	0	0	0	10312
1	0	0	0	10316
1	0	0	0	10320
1	0	0	0	10324
1	0	0	0	10328
1	0	0	0	10332
1	0	0	0	10336
1	0	0	0	10340
1	751.45	682.45	0	10344
1	0	0	0	10348
1	0	0	0	10352
1	0	0	0	10356
1	0	0	0	10360
1	0	0	0	10364
1	0	0	0	10368
1	0	0	0	10372
1	0	0	0	10376
1	0	0	0	10380
1	0	0	0	10384
1	0	0	0	10388
1	0	0	0	10392
1	0	0	0	10396
1	0	0	0	10400
1	0	0	0	10404
1	0	0	0	10408
1	0	0	0	10412
1	0	0	0	10416
1	0	0	0	10420
1	0	0	0	10424
1	0	0	0	10428
1	0	0	0	10432
1	0	0	0	10436
1	0	0	0	10440
1	0	0	0	10444
1	0	0	0	10448
1	0	0	0	10452
1	0	0	0	10456
1	0	0	0	10460
1	0	0	0	10464
1	0	0	0	10468
1	0	0	0	10472
1	0	0	0	10476
1	0	0	0	10480
1	0	0	0	10484
1	0	0	0	10488
1	0	0	0	10492
1	0	0	0	10496
1	0	0	0	10500
1	0	0	0	10504
1	0	0	0	10508
1	0	0	0	10512
1	0	0	0	10516
1	0	0	0	10520
1	0	0	0	10524
1	0	0	0	10528
1	0	0	0	10532
1	0	0	0	10536
1	0	0	0	10540
1	0	0	0	10544
1	0	0	0	10548
1	0	0	0	10552
1	0	0	0	10556
1	0	0	0	10560
1	0	0	0	10564
1	0	0	0	10568
1	0	0	0	10572
1	0	0	0	10576
1	0	0	0	10580
1	0	0	0	10584
1	0	0	0	10588
1	0	0	0	10592
1	0	0	0	10596
1	0	0	0	10600
1	0	0	0	10604
1	0	0	0	10608
1	0	0	0	10612
1	0	0	0	10616
1	0	0	0	10620
1	0	0	0	10624
1	0	0	0	10628
1	0	0	0	10632
1	0	0	0	10636
1	0	0	0	10640
1	0	0	0	10644
1	0	0	0	10648
1	0	0	0	10652
1	0	0	0	10656
1	0	0	0	10660
1	0	0	0	10664
1	0	0	0	10668
1	0	0	0	10672
1	0	0	0	10676
1	0	0	0	10680
1	0	0	0	10684
1	0	0	0	10688
1	0	0	0	10692
1	0	0	0	10696
1	0	0	0	10700
1	0	0	0	10704
1	0	0	0	10708
1	0	0	0	10712
1	0	0	0	10716
1	0	0	0	10720
1	0	0	0	10724
1	0	0	0	10728
1	0	0	0	10732
1	0	0	0	10736
1	0	0	0	10740
1	0	0	0	10744
1	0	0	0	10748
1	0	0	0	10752
1	0	0	0	10756
1	0	0	0	10760
1	0	0	0	10764
1	0	0	0	10768
1	0	0	0	10772
1	0	0	0	10776
1	0	0	0	10780
1	0	0	0	10784
1	0	0	0	10788
1	0	0	0	10792
1	0	0	0	10796
1	0	0	0	10800
1	0	0	0	10804
1	0	0	0	10808
1	0	0	0	10812
1	0	0	0	10816
1	0	0	0	10820
1	0	0	0	10824
1	0	0	0	10828
1	0	0	0	10832
1	0	0	0	10836
1	0	0	0	10840
1	0	0	0	10844
1	0	0	0	10848
1	0	0	0	10852
1	0	0	0	10856
1	0	0	0	10860
1	0	0	0	10864
1	0	0	0	10868
1	0	0	0	10872
1	0	0	0	10876
1	0	0	0	10880
1	0	0	0	10884
1	0	0	0	10888
1	0	0	0	10892
1	0	0	0	10896
1	0	0	0	10900
1	0	0	0	10904
1	0	0	0	10908
1	0	0	0	10912
1	0	0	0	10916
1	0	0	0	10920
1	0	0	0	10924
1	0	0	0	10928
1	0	0	0	10932
1	0	0	0	10936
1	0	0	0	10940
1	0	0	0	10944
1	0	0	0	10948
1	0	0	0	10952
1	0	0	0	10956
1	0	0	0	10960
1	0	0	0	10964
1	0	0	0	10968
1	0	0	0	10972
1	0	0	0	10976
1	0	0	0	10980
1	0	0	0	10984
1	0	0	0	10988
1	0	0	0	10992
1	0	0	0	10996
1	0	0	0	11000
1	0	0	0	11004
1	0	0	0	11008
1	0	0	0	11012
1	0	0	0	11016
1	0	0	0	11020
1	0	0	0	11024
1	0	0	0	11028
1	0	0	0	11032
1	0	0	0	11036
1	0	0	0	11040
1	0	0	0	11044
1	0	0	0	11048
1	0	0	0	11052
1	0	0	0	11056
1	0	0	0	11060
1	0	0	0	11064
1	0	0	0	11068
1	0	0	0	11072
1	0	0	0	11076
1	0	0	0	11080
1	0	0	0	11084
1	0	0	0	11088
1	0	0	0	11092
1	0	0	0	11096
1	0	0	0	11100
1	0	0	0	11104
1	0	0	0	11108
1	0	0	0	11112
1	0	0	0	11116
1	0	0	0	11120
1	0	0	0	11124
1	0	0	0	11128
1	0	0	0	11132
1	0	0	0	11136
1	0	0	0	11140
1	0	0	0	11144
1	0	0	0	11148
1	0	0	0	11152
1	0	0	0	11156
1	0	0	0	11160
1	0	0	0	11164
1	0	0	0	11168
1	0	0	0	11172
1	0	0	0	11176
1	0	0	0	11180
1	0	0	0	11184
1	0	0	0	11188
1	0	0	0	11192
1	738.24	119.41	0	11196
1	0	0	0	11200
1	0	0	0	11204
1	0	0	0	11208
1	0	0	0	11212
1	0	0	0	11216
1	0	0	0	11220
1	0	0	0	11224
1	0	0	0	11228
1	0	0	0	11232
1	0	0	0	11236
1	0	0	0	11240
1	0	0	0	11244
1	0	0	0	11248
1	0	0	0	11252
1	0	0	0	11256
1	0	0	0	11260
1	0	0	0	11264
1	0	0	0	11268
1	0	0	0	11272
1	0	0	0	11276
1	0	0	0	11280
1	0	0	0	11284
1	0	0	0	11288
1	0	0	0	11292
1	0	0	0	11296
1	0	0	0	11300
1	0	0	0	11304
1	0	0	0	11308
1	0	0	0	11312
1	0	0	0	11316
1	0	0	0	11320
1	0	0	0	11324
1	0	0	0	11328
1	0	0	0	11332
1	0	0	0	11336
1	0	0	0	11340
1	0	0	0	11344
1	0	0	0	11348
1	0	0	0	11352
1	0	0	0	11356
1	0	0	0	11360
1	0	0	0	11364
1	0	0	0	11368
1	0	0	0	11372
1	0	0	0	11376
1	0	0	0	11380
1	0	0	0	11384
1	0	0	0	11388
1	0	0	0	11392
1	0	0	0	11396
1	0	0	0	11400
1	0	0	0	11404
1	0	0	0	11408
1	0	0	0	11412
1	0	0	0	11416
1	0	0	0	11420
1	0	0	0	11424
1	0	0	0	11428
1	0	0	0	11432
1	0	0	0	11436
1	0	0	0	11440
1	0	0	0	11444
1	0	0	0	11448
1	0	0	0	11452
1	0	0	0	11456
1	0	0	0	11460
1	0	0	0	11464
1	0	0	0	11468
1	0	0	0	11472
1	0	0	0	11476
1	0	0	0	11480
1	0	0	0	11484
1	0	0	0	11488
1	0	0	0	11492
1	0	0	0	11496
1	0	0	0	11500
1	0	0	0	11504
1	0	0	0	11508
1	0	0	0	11512
1	0	0	0	11516
1	0	0	0	11520
1	0	0	0	11524
1	0	0	0	11528
1	0	0	0	11532
1	0	0	0	11536
1	0	0	0	11540
1	0	0	0	11544
1	0	0	0	11548
1	0	0	0	11552
1	0	0	0	11556
1	0	0	0	11560
1	0	0	0	11564
1	0	0	0	11568
1	0	0	0	11572
1	0	0	0	11576
1	0	0	0	11580
1	0	0	0	11584
1	0	0	0	11588
1	0	0	0	11592
1	0	0	0	11596
1	0	0	0	11600
1	0	0	0	11604
1	0	0	0	11608
1	0	0	0	11612
1	0	0	0	11616
1	0	0	0	11620
1	0	0	0	11624
1	0	0	0	11628
1	0	0	0	11632
1	0	0	0	11636
1	0	0	0	11640
1	0	0	0	11644
1	0	0	0	11648
1	0	0	0	11652
1	0	0	0	11656
1	0	0	0	11660
1	0	0	0	11664
1	0	0	0	11668
1	0	0	0	11672
1	0	0	0	11676
1	0	0	0	11680
1	0	0	0	11684
1	0	0	0	11688
1	0	0	0	11692
1	0	0	0	11696
1	0	0	0	11700
1	0	0	0	11704
1	0	0	0	11708
1	0	0	0	11712
1	0	0	0	11716
1	0	0	0	11720
1	0	0	0	11724
1	0	0	0	11728
1	0	0	0	11732
1	0	0	0	11736
1	0	0	0	11740
1	0	0	0	11744
1	0	0	0	11748
1	0	0	0	11752
1	0	0	0	11756
1	0	0	0	11760
1	0	0	0	11764
1	0	0	0	11768
1	0	0	0	11772
1	0	0	0	11776
1	0	0	0	11780
1	0	0	0	11784
1	0	0	0	11788
1	0	0	0	11792
1	0	0	0	11796
1	0	0	0	11800
1	0	0	0	11804
1	0	0	0	11808
1	0	0	0	11812
1	0	0	0	11816
1	0	0	0	11820
1	0	0	0	11824
1	0	0	0	11828
1	0	0	0	11832
1	0	0	0	11836
1	0	0	0	11840
1	0	0	0	11844
1	0	0	0	11848
1	0	0	0	11852
1	0	0	0	11856
1	0	0	0	11860
1	0	0	0	11864
1	0	0	0	11868
1	0	0	0	11872
1	0	0	0	11876
1	0	0	0	11880
1	0	0	0	11884
1	0	0	0	11888
1	0	0	0	11892
1	0	0	0	11896
1	0	0	0	11900
1	0	0	0	11904
1	0	0	0	11908
1	0	0	0	11912
1	0	0	0	11916
1	0	0	0	11920
1	0	0	0	11924
1	0	0	0	11928
1	0	0	0	11932
1	0	0	0	11936
1	0	0	0	11940
1	0	0	0	11944
1	0	0	0	11948
1	0	0	0	11952
1	0	0	0	11956
1	0	0	0	11960
1	0	0	0	11964
1	0	0	0	11968
1	0	0	0	11972
1	0	0	0	11976
1	0	0	0	11980
1	0	0	0	11984
1	0	0	0	11988
1	0	0	0	11992
1	0	0	0	11996
1	0	0	0	12000
1	0	0	0	12004
1	0	0	0	12008
1	0	0	0	12012
1	0	0	0	12016
1	0	0	0	12020
1	0	0	0	12024
1	0	0	0	12028
1	0	0	0	12032
1	0	0	0	12036
1	0	0	0	12040
1	0	0	0	12044
1	0	0	0	12048
1	0	0	0	12052
1	0	0	0	12056
1	0	0	0	12060
1	0	0	0	12064
1	0	0	0	12068
1	0	0	0	12072
1	0	0	0	12076
1	0	0	0	12080
1	0	0	0	12084
1	0	0	0	12088
1	0	0	0	12092
1	0	0	0	12096
1	0	0	0	12100
1	0	0	0	12104
1	0	0	0	12108
1	0	0	0	12112
1	0	0	0	12116
1	0	0	0	12120
1	0	0	0	12124
1	0	0	0	12128
1	0	0	0	12132
1	0	0	0	12136
1	0	0	0	12140
1	0	0	0	12144
1	0	0	0	12148
1	0	0	0	12152
1	0	0	0	12156
1	0	0	0	12160
1	0	0	0	12164
1	0	0	0	12168
1	0	0	0	12172
1	0	0	0	12176
1	0	0	0	12180
1	0	0	0	12184
1	0	0	0	12188
1	0	0	0	12192
1	0	0	0	12196
1	0	0	0	12200
1	0	0	0	12204
1	0	0	0	12208
1	0	0	0	12212
1	0	0	0	12216
1	0	0	0	12220
1	0	0	0	12224
1	0	0	0	12228
1	0	0	0	12232
1	0	0	0	12236
1	0	0	0	12240
1	0	0	0	12244
1	0	0	0	12248
1	0	0	0	12252
1	0	0	0	12256
1	0	0	0	12260
1	0	0	0	12264
1	0	0	0	12268
1	0	0	0	12272
1	0	0	0	12276
1	0	0	0	12280
1	0	0	0	12284
1	0	0	0	12288
1	0	0	0	12292
1	0	0	0	12296
1	0	0	0	12300
1	0	0	0	12304
1	0	0	0	12308
1	0	0	0	12312
1	0	0	0	12316
1	0	0	0	12320
1	0	0	0	12324
1	0	0	0	12328
1	0	0	0	12332
1	0	0	0	12336
1	0	0	0	12340
1	0	0	0	12344
1	0	0	0	12348
1	0	0	0	12352
1	0	0	0	12356
1	0	0	0	12360
1	0	0	0	12364
1	0	0	0	12368
1	0	0	0	12372
1	0	0	0	12376
1	0	0	0	12380
1	0	0	0	12384
1	0	0	0	12388
1	0	0	0	12392
1	0	0	0	12396
1	0	0	0	12400
1	0	0	0	12404
1	0	0	0	12408
1	0	0	0	12412
1	0	0	0	12416
1	0	0	0	12420
1	0	0	0	12424
1	0	0	0	12428
1	0	0	0	12432
1	0	0	0	12436
1	0	0	0	12440
1	0	0	0	12444
1	0	0	0	12448
1	0	0	0	12452
1	0	0	0	12456
1	0	0	0	12460
1	0	0	0	12464
1	0	0	0	12468
1	0	0	0	12472
1	0	0	0	12476
1	0	0	0	12480
1	0	0	0	12484
1	0	0	0	12488
1	0	0	0	12492
1	0	0	0	12496
1	0	0	0	12500
1	0	0	0	12504
1	0	0	0	12508
1	0	0	0	12512
1	0	0	0	12516
1	0	0	0	12520
1	0	0	0	12524
1	0	0	0	12528
1	0	0	0	12532
1	0	0	0	12536
1	0	0	0	12540
1	0	0	0	12544
1	0	0	0	12548
1	0	0	0	12552
1	0	0	0	12556
1	0	0	0	12560
1	0	0	0	12564
1	0	0	0	12568
1	0	0	0	12572
1	0	0	0	12576
1	0	0	0	12580
1	0	0	0	12584
1	0	0	0	12588
1	0	0	0	12592
1	0	0	0	12596
1	0	0	0	12600
1	0	0	0	12604
1	0	0	0	12608
1	0	0	0	12612
1	0	0	0	12616
1	0	0	0	12620
1	0	0	0	12624
1	0	0	0	12628
1	0	0	0	12632
1	0	0	0	12636
1	0	0	0	12640
1	0	0	0	12644
1	0	0	0	12648
1	0	0	0	12652
1	0	0	0	12656
1	0	0	0	12660
1	0	0	0	12664
1	0	0	0	12668
1	0	0	0	12672
1	0	0	0	12676
1	0	0	0	12680
1	0	0	0	12684
1	0	0	0	12688
1	0	0	0	12692
1	0	0	0	12696
1	0	0	0	12700
1	0	0	0	12704
1	0	0	0	12708
1	0	0	0	12712
1	0	0	0	12716
1	0	0	0	12720
1	0	0	0	12724
1	0	0	0	12728
1	0	0	0	12732
1	0	0	0	12736
1	0	0	0	12740
1	0	0	0	12744
1	0	0	0	12748
1	0	0	0	12752
1	0	0	0	12756
1	0	0	0	12760
1	0	0	0	12764
1	0	0	0	12768
1	0	0	0	12772
1	0	0	0	12776
1	0	0	0	12780
1	0	0	0	12784
1	0	0	0	12788
1	0	0	0	12792
1	0	0	0	12796
1	0	0	0	12800
1	0	0	0	12804
1	0	0	0	12808
1	0	0	0	12812
1	0	0	0	12816
1	0	0	0	12820
1	0	0	0	12824
1	0	0	0	12828
1	0	0	0	12832
1	0	0	0	12836
1	0	0	0	12840
1	0	0	0	12844
1	0	0	0	12848
1	0	0	0	12852
1	0	0	0	12856
1	0	0	0	12860
1	0	0	0	12864
1	0	0	0	12868
1	0	0	0	12872
1	0	0	0	12876
1	0	0	0	12880
1	0	0	0	12884
1	0	0	0	12888
1	0	0	0	12892
1	0	0	0	12896
1	0	0	0	12900
1	0	0	0	12904
1	0	0	0	12908
1	0	0	0	12912
1	0	0	0	12916
1	0	0	0	12920
1	0	0	0	12924
1	0	0	0	12928
1	0	0	0	12932
1	0	0	0	12936
1	0	0	0	12940
1	0	0	0	12944
1	0	0	0	12948
1	0	0	0	12952
1	0	0	0	12956
1	0	0	0	12960
1	0	0	0	12964
1	0	0	0	12968
1	0	0	0	12972
1	0	0	0	12976
1	0	0	0	12980
1	0	0	0	12984
1	0	0	0	12988
1	0	0	0	12992
1	0	0	0	12996
1	0	0	0	13000
1	0	0	0	13004
1	0	0	0	13008
1	0	0	0	13012
1	0	0	0	13016
1	0	0	0	13020
1	0	0	0	13024
1	0	0	0	13028
1	0	0	0	13032
1	0	0	0	13036
1	0	0	0	13040
1	0	0	0	13044
1	0	0	0	13048
1	0	0	0	13052
1	0	0	0	13056
1	0	0	0	13060
1	0	0	0	13064
1	0	0	0	13068
1	0	0	0	13072
1	0	0	0	13076
1	0	0	0	13080
1	0	0	0	13084
1	0	0	0	13088
1	0	0	0	13092
1	0	0	0	13096
1	0	0	0	13100
1	0	0	0	13104
1	0	0	0	13108
1	0	0	0	13112
1	0	0	0	13116
1	0	0	0	13120
1	0	0	0	13124
1	0	0	0	13128
1	0	0	0	13132
1	0	0	0	13136
1	0	0	0	13140
1	0	0	0	13144
1	0	0	0	13148
1	0	0	0	13152
1	0	0	0	13156
1	0	0	0	13160
1	0	0	0	13164
1	0	0	0	13168
1	0	0	0	13172
1	0	0	0	13176
1	0	0	0	13180
1	0	0	0	13184
1	0	0	0	13188
1	0	0	0	13192
1	0	0	0	13196
1	0	0	0	13200
1	0	0	0	13204
1	0	0	0	13208
1	0	0	0	13212
1	0	0	0	13216
1	0	0	0	13220
1	0	0	0	13224
1	0	0	0	13228
1	0	0	0	13232
1	0	0	0	13236
1	0	0	0	13240
1	0	0	0	13244
1	0	0	0	13248
1	0	0	0	13252
1	0	0	0	13256
1	0	0	0	13260
1	0	0	0	13264
1	0	0	0	13268
1	0	0	0	13272
1	0	0	0	13276
1	0	0	0	13280
1	0	0	0	13284
1	0	0	0	13288
1	0	0	0	13292
1	0	0	0	13296
1	0	0	0	13300
1	0	0	0	13304
1	0	0	0	13308
1	0	0	0	13312
1	0	0	0	13316
1	0	0	0	13320
1	0	0	0	13324
1	0	0	0	13328
1	0	0	0	13332
1	0	0	0	13336
1	0	0	0	13340
1	0	0	0	13344
1	0	0	0	13348
1	0	0	0	13352
1	0	0	0	13356
1	0	0	0	13360
1	0	0	0	13364
1	0	0	0	13368
1	0	0	0	13372
1	0	0	0	13376
1	0	0	0	13380
1	0	0	0	13384
1	0	0	0	13388
1	0	0	0	13392
1	0	0	0	13396
1	0	0	0	13400
1	0	0	0	13404
1	0	0	0	13408
1	0	0	0	13412
1	0	0	0	13416
1	0	0	0	13420
1	0	0	0	13424
1	0	0	0	13428
1	0	0	0	13432
1	0	0	0	13436
1	0	0	0	13440
1	0	0	0	13444
1	0	0	0	13448
1	0	0	0	13452
1	0	0	0	13456
1	0	0	0	13460
1	0	0	0	13464
1	0	0	0	13468
1	0	0	0	13472
1	0	0	0	13476
1	0	0	0	13480
1	0	0	0	13484
1	0	0	0	13488
1	0	0	0	13492
1	0	0	0	13496
1	0	0	0	13500
1	0	0	0	13504
1	0	0	0	13508
1	0	0	0	13512
1	0	0	0	13516
1	0	0	0	13520
1	0	0	0	13524
1	0	0	0	13528
1	0	0	0	13532
1	0	0	0	13536
1	0	0	0	13540
1	0	0	0	13544
1	0	0	0	13548
1	0	0	0	13552
1	0	0	0	13556
1	0	0	0	13560
1	0	0	0	13564
1	0	0	0	13568
1	0	0	0	13572
1	0	0	0	13576
1	0	0	0	13580
1	0	0	0	13584
1	0	0	0	13588
1	0	0	0	13592
1	0	0	0	13596
1	0	0	0	13600
1	0	0	0	13604
1	0	0	0	13608
1	0	0	0	13612
1	0	0	0	13616
1	0	0	0	13620
1	0	0	0	13624
1	0	0	0	13628
1	0	0	0	13632
1	0	0	0	13636
1	0	0	0	13640
1	0	0	0	13644
1	0	0	0	13648
1	0	0	0	13652
1	0	0	0	13656
1	0	0	0	13660
1	0	0	0	13664
1	0	0	0	13668
1	0	0	0	13672
1	0	0	0	13676
1	0	0	0	13680
1	0	0	0	13684
1	0	0	0	13688
1	0	0	0	13692
1	0	0	0	13696
1	0	0	0	13700
1	0	0	0	13704
1	0	0	0	13708
1	0	0	0	13712
1	0	0	0	13716
1	0	0	0	13720
1	0	0	0	13724
1	0	0	0	13728
1	0	0	0	13732
1	0	0	0	13736
1	0	0	0	13740
1	0	0	0	13744
1	0	0	0	13748
1	0	0	0	13752
1	0	0	0	13756
1	0	0	0	13760
1	0	0	0	13764
1	0	0	0	13768
1	0	0	0	13772
1	0	0	0	13776
1	0	0	0	13780
1	0	0	0	13784
1	0	0	0	13788
1	0	0	0	13792
1	0	0	0	13796
1	0	0	0	13800
1	0	0	0	13804
1	0	0	0	13808
1	0	0	0	13812
1	0	0	0	13816
1	0	0	0	13820
1	0	0	0	13824
1	0	0	0	13828
1	0	0	0	13832
1	0	0	0	13836
1	0	0	0	13840
1	0	0	0	13844
1	0	0	0	13848
1	0	0	0	13852
1	0	0	0	13856
1	0	0	0	13860
1	0	0	0	13864
1	0	0	0	13868
1	0	0	0	13872
1	0	0	0	13876
1	0	0	0	13880
1	0	0	0	13884
1	0	0	0	13888
1	0	0	0	13892
1	0	0	0	13896
1	0	0	0	13900
1	0	0	0	13904
1	0	0	0	13908
1	0	0	0	13912
1	0	0	0	13916
1	0	0	0	13920
1	0	0	0	13924
1	0	0	0	13928
1	0	0	0	13932
1	0	0	0	13936
1	0	0	0	13940
1	0	0	0	13944
1	0	0	0	13948
1	0	0	0	13952
1	0	0	0	13956
1	0	0	0	13960
1	0	0	0	13964
1	0	0	0	13968
1	0	0	0	13972
1	0	0	0	13976
1	0	0	0	13980
1	0	0	0	13984
1	0	0	0	13988
1	0	0	0	13992
1	0	0	0	13996
1	0	0	0	14000
1	0	0	0	14004
1	0	0	0	14008
1	0	0	0	14012
1	0	0	0	14016
1	0	0	0	14020
1	0	0	0	14024
1	0	0	0	14028
1	0	0	0	14032
1	0	0	0	14036
1	0	0	0	14040
1	0	0	0	14044
1	0	0	0	14048
1	0	0	0	14052
1	0	0	0	14056
1	0	0	0	14060
1	0	0	0	14064
1	0	0	0	14068
1	0	0	0	14072
1	0	0	0	14076
1	0	0	0	14080
1	0	0	0	14084
1	0	0	0	14088
1	0	0	0	14092
1	0	0	0	14096
1	0	0	0	14100
1	0	0	0	14104
1	0	0	0	14108
1	0	0	0	14112
1	0	0	0	14116
1	0	0	0	14120
1	0	0	0	14124
1	0	0	0	14128
1	0	0	0	14132
1	0	0	0	14136
1	0	0	0	14140
1	0	0	0	14144
1	0	0	0	14148
1	0	0	0	14152
1	0	0	0	14156
1	0	0	0	14160
1	0	0	0	14164
1	0	0	0	14168
1	0	0	0	14172
1	0	0	0	14176
1	0	0	0	14180
1	0	0	0	14184
1	0	0	0	14188
1	0	0	0	14192
1	0	0	0	14196
1	0	0	0	14200
1	0	0	0	14204
1	0	0	0	14208
1	0	0	0	14212
1	0	0	0	14216
1	0	0	0	14220
1	0	0	0	14224
1	0	0	0	14228
1	0	0	0	14232
1	0	0	0	14236
1	0	0	0	14240
1	0	0	0	14244
1	0	0	0	14248
1	0	0	0	14252
1	0	0	0	14256
1	0	0	0	14260
1	0	0	0	14264
1	0	0	0	14268
1	0	0	0	14272
1	0	0	0	14276
1	0	0	0	14280
1	0	0	0	14284
1	0	0	0	14288
1	0	0	0	14292
1	0	0	0	14296
1	0	0	0	14300
1	0	0	0	14304
1	0	0	0	14308
1	0	0	0	14312
1	0	0	0	14316
1	0	0	0	14320
1	0	0	0	14324
1	0	0	0	14328
1	0	0	0	14332
1	0	0	0	14336
1	0	0	0	14340
1	0	0	0	14344
1	0	0	0	14348
1	0	0	0	14352
1	0	0	0	14356
1	0	0	0	14360
1	0	0	0	14364
1	0	0	0	14368
1	0	0	0	14372
1	0	0	0	14376
1	0	0	0	14380
1	0	0	0	14384
1	0	0	0	14388
1	0	0	0	14392
1	0	0	0	14396
1	0	0	0	14400
1	0	0	0	14404
1	0	0	0	14408
1	0	0	0	14412
1	0	0	0	14416
1	0	0	0	14420
1	0	0	0	14424
1	0	0	0	14428
1	0	0	0	14432
1	0	0	0	14436
1	0	0	0	14440
1	0	0	0	14444
1	0	0	0	14448
1	0	0	0	14452
1	0	0	0	14456
1	0	0	0	14460
1	0	0	0	14464
1	0	0	0	14468
1	0	0	0	14472
1	0	0	0	14476
1	0	0	0	14480
1	0	0	0	14484
1	0	0	0	14488
1	0	0	0	14492
1	0	0	0	14496
1	0	0	0	14500
1	0	0	0	14504
1	0	0	0	14508
1	0	0	0	14512
1	0	0	0	14516
1	0	0	0	14520
1	0	0	0	14524
1	0	0	0	14528
1	0	0	0	14532
1	0	0	0	14536
1	0	0	0	14540
1	0	0	0	14544
1	0	0	0	14548
1	0	0	0	14552
1	0	0	0	14556
1	0	0	0	14560
1	0	0	0	14564
1	0	0	0	14568
1	0	0	0	14572
1	0	0	0	14576
1	0	0	0	14580
1	0	0	0	14584
1	0	0	0	14588
1	0	0	0	14592
1	0	0	0	14596
1	0	0	0	14600
1	0	0	0	14604
1	0	0	0	14608
1	0	0	0	14612
1	0	0	0	14616
1	0	0	0	14620
1	0	0	0	14624
1	0	0	0	14628
1	0	0	0	14632
1	0	0	0	14636
1	0	0	0	14640
1	0	0	0	14644
1	0	0	0	14648
1	0	0	0	14652
1	0	0	0	14656
1	0	0	0	14660
1	0	0	0	14664
1	0	0	0	14668
1	0	0	0	14672
1	0	0	0	14676
1	0	0	0	14680
1	0	0	0	14684
1	0	0	0	14688
1	0	0	0	14692
1	0	0	0	14696
1	0	0	0	14700
1	0	0	0	14704
1	0	0	0	14708
1	0	0	0	14712
1	0	0	0	14716
1	0	0	0	14720
1	0	0	0	14724
1	0	0	0	14728
1	0	0	0	14732
1	0	0	0	14736
1	0	0	0	14740
1	0	0	0	14744
1	0	0	0	14748
1	0	0	0	14752
1	0	0	0	14756
1	0	0	0	14760
1	0	0	0	14764
1	0	0	0	14768
1	0	0	0	14772
1	0	0	0	14776
1	0	0	0	14780
1	0	0	0	14784
1	0	0	0	14788
1	0	0	0	14792
1	0	0	0	14796
1	0	0	0	14800
1	0	0	0	14804
1	0	0	0	14808
1	0	0	0	14812
1	0	0	0	14816
1	0	0	0	14820
1	0	0	0	14824
1	0	0	0	14828
1	0	0	0	14832
1	0	0	0	14836
1	0	0	0	14840
1	0	0	0	14844
1	910.85	372.15	0	14848
1	0	0	0	14852
1	0	0	0	14856
1	0	0	0	14860
1	0	0	0	14864
1	0	0	0	14868
1	0	0	0	14872
1	0	0	0	14876
1	0	0	0	14880
1	0	0	0	14884
1	0	0	0	14888
1	0	0	0	14892
1	0	0	0	14896
1	0	0	0	14900
1	0	0	0	14904
1	0	0	0	14908
1	0	0	0	14912
1	0	0	0	14916
1	0	0	0	14920
1	0	0	0	14924
1	0	0	0	14928
1	0	0	0	14932
1	0	0	0	14936
1	0	0	0	14940
1	0	0	0	14944
1	0	0	0	14948
1	0	0	0	14952
1	0	0	0	14956
1	0	0	0	14960
1	0	0	0	14964
1	0	0	0	14968
1	0	0	0	14972
1	0	0	0	14976
1	0	0	0	14980
1	0	0	0	14984
1	0	0	0	14988
1	0	0	0	14992
1	0	0	0	14996
1	0	0	0	15000
1	0	0	0	15004
1	0	0	0	15008
1	0	0	0	15012
1	0	0	0	15016
1	0	0	0	15020
1	0	0	0	15024
1	0	0	0	15028
1	0	0	0	15032
1	0	0	0	15036
1	0	0	0	15040
1	0	0	0	15044
1	0	0	0	15048
1	0	0	0	15052
1	0	0	0	15056
1	0	0	0	15060
1	0	0	0	15064
1	0	0	0	15068
1	0	0	0	15072
1	0	0	0	15076
1	0	0	0	15080
1	0	0	0	15084
1	0	0	0	15088
1	0	0	0	15092
1	0	0	0	15096
1	0	0	0	15100
1	0	0	0	15104
1	0	0	0	15108
1	0	0	0	15112
1	0	0	0	15116
1	0	0	0	15120
1	0	0	0	15124
1	0	0	0	15128
1	0	0	0	15132
1	0	0	0	15136
1	0	0	0	15140
1	0	0	0	15144
1	0	0	0	15148
1	0	0	0	15152
1	0	0	0	15156
1	0	0	0	15160
1	0	0	0	15164
1	0	0	0	15168
1	0	0	0	15172
1	0	0	0	15176
1	0	0	0	15180
1	0	0	0	15184
1	0	0	0	15188
1	0	0	0	15192
1	0	0	0	15196
1	0	0	0	15200
1	0	0	0	15204
1	0	0	0	15208
1	0	0	0	15212
1	0	0	0	15216
1	0	0	0	15220
1	0	0	0	15224
1	0	0	0	15228
1	0	0	0	15232
1	0	0	0	15236
1	0	0	0	15240
1	0	0	0	15244
1	0	0	0	15248
1	0	0	0	15252
1	0	0	0	15256
1	0	0	0	15260
1	0	0	0	15264
1	0	0	0	15268
1	0	0	0	15272
1	0	0	0	15276
1	0	0	0	15280
1	0	0	0	15284
1	0	0	0	15288
1	0	0	0	15292
1	0	0	0	15296
1	0	0	0	15300
1	0	0	0	15304
1	0	0	0	15308
1	0	0	0	15312
1	0	0	0	15316
1	0	0	0	15320
1	0	0	0	15324
1	0	0	0	15328
1	0	0	0	15332
1	0	0	0	15336
1	0	0	0	15340
1	0	0	0	15344
1	0	0	0	15348
1	0	0	0	15352
1	0	0	0	15356
1	0	0	0	15360
1	0	0	0	15364
1	0	0	0	15368
1	0	0	0	15372
1	0	0	0	15376
1	0	0	0	15380
1	0	0	0	15384
1	0	0	0	15388
1	0	0	0	15392
1	0	0	0	15396
1	0	0	0	15400
1	0	0	0	15404
1	0	0	0	15408
1	0	0	0	15412
1	0	0	0	15416
1	0	0	0	15420
1	0	0	0	15424
1	0	0	0	15428
1	0	0	0	15432
1	0	0	0	15436
1	0	0	0	15440
1	0	0	0	15444
1	0	0	0	15448
1	0	0	0	15452
1	0	0	0	15456
1	0	0	0	15460
1	0	0	0	15464
1	0	0	0	15468
1	0	0	0	15472
1	0	0	0	15476
1	0	0	0	15480
1	0	0	0	15484
1	0	0	0	15488
1	0	0	0	15492
1	0	0	0	15496
1	0	0	0	15500
1	0	0	0	15504
1	0	0	0	15508
1	0	0	0	15512
1	0	0	0	15516
1	0	0	0	15520
1	0	0	0	15524
1	0	0	0	15528
1	0	0	0	15532
1	0	0	0	15536
1	0	0	0	15540
1	0	0	0	15544
1	0	0	0	15548
1	0	0	0	15552
1	0	0	0	15556
1	0	0	0	15560
1	0	0	0	15564
1	0	0	0	15568
1	0	0	0	15572
1	0	0	0	15576
1	0	0	0	15580
1	0	0	0	15584
1	0	0	0	15588
1	0	0	0	15592
1	0	0	0	15596
1	0	0	0	15600
1	0	0	0	15604
1	0	0	0	15608
1	0	0	0	15612
1	0	0	0	15616
1	0	0	0	15620
1	0	0	0	15624
1	0	0	0	15628
1	0	0	0	15632
1	0	0	0	15636
1	0	0	0	15640
1	0	0	0	15644
1	0	0	0	15648
1	0	0	0	15652
1	0	0	0	15656
1	0	0	0	15660
1	0	0	0	15664
1	0	0	0	15668
1	0	0	0	15672
1	0	0	0	15676
1	0	0	0	15680
1	0	0	0	15684
1	0	0	0	15688
1	0	0	0	15692
1	0	0	0	15696
1	0	0	0	15700
1	0	0	0	15704
1	0	0	0	15708
1	0	0	0	15712
1	0	0	0	15716
1	0	0	0	15720
1	0	0	0	15724
1	0	0	0	15728
1	0	0	0	15732
1	0	0	0	15736
1	0	0	0	15740
1	0	0	0	15744
1	0	0	0	15748
1	0	0	0	15752
1	0	0	0	15756
1	0	0	0	15760
1	0	0	0	15764
1	0	0	0	15768
1	0	0	0	15772
1	0	0	0	15776
1	0	0	0	15780
1	0	0	0	15784
1	0	0	0	15788
1	0	0	0	15792
1	0	0	0	15796
1	0	0	0	15800
1	0	0	0	15804
1	0	0	0	15808
1	0	0	0	15812
1	0	0	0	15816
1	0	0	0	15820
1	0	0	0	15824
1	0	0	0	15828
1	0	0	0	15832
1	0	0	0	15836
1	0	0	0	15840
1	0	0	0	15844
1	0	0	0	15848
1	0	0	0	15852
1	0	0	0	15856
1	0	0	0	15860
1	0	0	0	15864
1	0	0	0	15868
1	0	0	0	15872
1	0	0	0	15876
1	0	0	0	15880
1	0	0	0	15884
1	0	0	0	15888
1	0	0	0	15892
1	0	0	0	15896
1	0	0	0	15900
1	0	0	0	15904
1	0	0	0	15908
1	0	0	0	15912
1	0	0	0	15916
1	0	0	0	15920
1	0	0	0	15924
1	0	0	0	15928
1	0	0	0	15932
1	0	0	0	15936
1	0	0	0	15940
1	0	0	0	15944
1	0	0	0	15948
1	0	0	0	15952
1	0	0	0	15956
1	0	0	0	15960
1	0	0	0	15964
1	0	0	0	15968
1	0	0	0	15972
1	0	0	0	15976
1	0	0	0	15980
1	0	0	0	15984
1	0	0	0	15988
1	0	0	0	15992
1	0	0	0	15996
1	0	0	0	16000
1	0	0	0	16004
1	0	0	0	16008
1	0	0	0	16012
1	0	0	0	16016
1	0	0	0	16020
1	0	0	0	16024
1	0	0	0	16028
1	0	0	0	16032
1	0	0	0	16036
1	0	0	0	16040
1	0	0	0	16044
1	0	0	0	16048
1	0	0	0	16052
1	0	0	0	16056
1	0	0	0	16060
1	0	0	0	16064
1	0	0	0	16068
1	0	0	0	16072
1	0	0	0	16076
1	0	0	0	16080
1	0	0	0	16084
1	0	0	0	16088
1	0	0	0	16092
1	0	0	0	16096
1	0	0	0	16100
1	0	0	0	16104
1	0	0	0	16108
1	0	0	0	16112
1	0	0	0	16116
1	0	0	0	16120
1	855.24	252.85	1	16124
1	854.81	204.69	1	16128
1	0	0	0	16132
1	0	0	0	16136
1	0	0	0	16140
1	0	0	0	16144
1	0	0	0	16148
1	0	0	0	16152
1	0	0	0	16156
1	0	0	0	16160
1	0	0	0	16164
1	0	0	0	16168
1	0	0	0	16172
1	0	0	0	16176
1	0	0	0	16180
1	0	0	0	16184
1	0	0	0	16188
1	0	0	0	16192
1	0	0	0	16196
1	0	0	0	16200
1	0	0	0	16204
1	0	0	0	16208
